Rk,Player,Nation,Pos,Squad,Age,Born,90s,CrdY,CrdR,2CrdY,Fls,Fld,Off,Crs,Int,TklW,PKwon,PKcon,OG,Recov,Won,Lost,Won%,Matches,-9999
1,Abner,br BRA,DF,Atl Paranaense,21,2000,23.4,6,0,0,26,12,1,49,39,28,0,0,0,149,21,28,42.9,Matches,7f9c5d2d
2,Adryelson,br BRA,DF,Botafogo (RJ),23,1998,16.1,1,0,0,10,4,2,0,22,12,0,0,1,56,76,34,69.1,Matches,e980e78d
3,Adson,br BRA,FWMF,Corinthians,21,2000,13.8,2,0,0,25,20,3,15,13,22,0,0,0,54,8,19,29.6,Matches,eda38706
4,Airton,br BRA,FW,Atl Goianiense,22,1999,19.3,3,0,0,33,24,1,81,10,24,0,0,0,60,21,23,47.7,Matches,751ef075
5,Carlos Alberto,br BRA,FWMF,América (MG),19,2002,1.7,1,0,0,1,1,0,3,4,1,0,0,0,5,4,9,30.8,Matches,08f48d96
6,Yuri Alberto,br BRA,FW,Corinthians,20,2001,16.1,4,1,1,26,33,7,9,2,8,0,0,0,37,37,49,43.0,Matches,65159211
7,Ale,br BRA,MF,América (MG),31,1990,21.4,2,1,0,46,50,0,23,28,21,0,2,0,184,27,29,48.2,Matches,b7d9347d
8,Alexandre Alemão,br BRA,FW,Internacional,23,1998,22.3,3,0,0,56,65,2,12,4,11,3,0,0,47,53,81,39.6,Matches,3ed2a79b
9,Alerrandro,br BRA,FW,Bragantino,22,2000,10.3,3,0,0,11,15,5,2,4,1,0,0,0,20,10,29,25.6,Matches,3415a44d
10,Alesson,br BRA,MFFW,Cuiabá,22,1999,11.4,3,0,0,18,7,0,33,3,9,0,0,0,41,16,27,37.2,Matches,611e984e
11,Alex,br BRA,DF,Santos,22,1999,3.7,1,0,0,2,4,0,0,8,3,0,0,0,19,9,4,69.2,Matches,7367baf7
12,Caio Alexandre,br BRA,MF,Fortaleza,22,1999,11.0,3,1,1,23,12,0,5,11,22,0,0,0,82,5,11,31.3,Matches,08ac23b7
13,Matheus Alexandre,br BRA,DF,Coritiba,22,1999,15.6,5,0,0,18,5,1,39,30,22,0,0,0,72,22,20,52.4,Matches,0212e748
14,Alexsander,br BRA,DF,Fluminense,18,2003,2.5,0,0,0,2,3,0,5,6,1,0,0,0,14,2,2,50.0,Matches,b13e7a78
15,Alisson,br BRA,MFFW,São Paulo,28,1993,10.5,5,0,0,14,17,0,33,5,9,0,0,0,42,10,13,43.5,Matches,99139fa4
16,Allan,br BRA,MF,Atlético Mineiro,24,1997,30.4,10,0,0,47,26,1,11,25,30,0,1,0,168,16,6,72.7,Matches,b15e93aa
17,Guilherme Almeida Augusto,br BRA,DF,Bragantino,29,1993,1.0,0,0,0,2,3,0,3,2,2,0,0,0,5,0,0,,Matches,8eecd5f9
18,Henrique Almeida,br BRA,FW,América (MG),30,1991,16.6,7,0,0,38,13,13,5,3,11,1,0,0,40,24,54,30.8,Matches,8aa2f2e3
19,Júnior Alonso,py PAR,DF,Atlético Mineiro,28,1993,28.9,4,0,0,17,8,1,7,28,14,0,2,0,148,76,36,67.9,Matches,b18a3023
20,Diego Alves,br BRA,GK,Flamengo,36,1985,4.7,0,0,0,0,0,0,0,0,0,0,0,0,3,0,0,,Matches,12421a7c
21,Felipe Alves Raymundo,br BRA,GK,São Paulo,33,1988,17.0,1,0,0,1,0,0,0,0,0,0,1,0,30,2,1,66.7,Matches,7fbe8689
22,Felipe Alves Raymundo,br BRA,GK,Juventude,33,1988,1.0,0,0,0,0,0,0,0,0,0,0,0,0,0,0,0,,Matches,7fbe8689
23,Rodrigo Alves Soares,br BRA,DF,Juventude,29,1992,31.0,4,0,0,24,6,0,110,13,25,0,0,0,180,12,32,27.3,Matches,4c1b67d6
24,Anderson,br BRA,GK,Atl Paranaense,23,1998,5.0,1,0,0,0,1,0,0,0,0,0,0,0,3,4,1,80.0,Matches,29d862d4
25,Thonny Anderson,br BRA,MFFW,Coritiba,24,1997,8.1,5,2,1,21,15,0,29,5,17,0,0,0,42,17,19,47.2,Matches,7a7c9837
26,André,br BRA,MF,Fluminense,20,2001,33.5,10,1,1,38,54,0,5,36,38,0,1,0,253,9,20,31.0,Matches,ec604e2c
28,Andrey,br BRA,MF,Avaí,19,2002,0.3,0,0,0,0,0,0,0,0,0,0,0,0,1,0,0,,Matches,89c28d9f
29,Brayan Angulo,ec ECU,FWMF,Santos,26,1995,5.3,0,0,0,2,7,4,1,1,2,0,0,0,17,7,18,28.0,Matches,37fdc62b
30,Apodi,br BRA,MFFW,Goiás,35,1986,10.1,3,0,0,21,17,2,12,4,5,1,0,0,38,17,24,41.5,Matches,affbe6bc
31,Guilherme Arana,br BRA,DF,Atlético Mineiro,24,1997,19.1,4,0,0,26,15,2,89,10,16,0,1,0,111,11,12,47.8,Matches,2b15a82a
32,Willian Arão,br BRA,MFDF,Flamengo,29,1992,10.2,1,0,0,12,6,0,4,17,4,0,0,0,59,22,15,59.5,Matches,f47a530a
33,Michel Araujo,uy URU,FWMF,Fluminense,25,1996,0.9,1,0,0,1,5,0,7,0,3,0,0,0,8,1,2,33.3,Matches,1159e4ae
34,Robert Arboleda,ec ECU,DF,São Paulo,30,1991,8.0,1,0,0,9,3,0,0,6,6,0,0,0,29,37,11,77.1,Matches,269dbfc6
35,Jhon Arias,co COL,FWMF,Fluminense,24,1997,29.6,4,0,0,46,55,3,172,7,31,0,0,0,145,11,16,40.7,Matches,86d96066
36,Arthur,br BRA,MFDF,América (MG),18,2003,2.0,2,0,0,10,0,0,4,1,3,0,0,0,19,1,5,16.7,Matches,8a958856
37,Arthur,br BRA,FW,Corinthians,18,2003,0.0,0,0,0,0,0,0,0,0,0,0,0,0,0,0,0,,Matches,e93fed32
38,Artur,br BRA,FWMF,Bragantino,23,1998,31.0,3,0,0,18,51,12,160,15,18,0,0,0,134,15,36,29.4,Matches,105132cd
39,Eduard Atuesta,co COL,MF,Palmeiras,24,1997,7.3,4,0,0,15,9,3,20,10,7,0,0,0,32,6,15,28.6,Matches,60990b81
40,Felipe Augusto,br BRA,FW,Corinthians,17,2004,0.8,0,0,0,4,4,0,0,0,0,0,0,0,0,1,2,33.3,Matches,1f9cbd0b
41,Leo Augusto Pereira,br BRA,FWMF,Atl Goianiense,21,2000,12.6,9,0,0,38,23,4,55,10,16,0,0,0,71,9,18,33.3,Matches,a3818875
42,Renato Augusto,br BRA,MF,Corinthians,33,1988,15.6,0,0,0,16,23,2,75,14,15,0,0,0,67,11,13,45.8,Matches,83a6367a
43,Auremir,br BRA,MF,Goiás,30,1991,16.4,5,0,0,32,18,0,3,26,29,0,0,0,82,27,20,57.4,Matches,3a2e6d70
44,Auro,br BRA,DF,Santos,26,1996,4.3,3,0,0,8,1,0,5,3,6,0,0,0,22,0,5,0.0,Matches,b234cb0e
45,Danilo Avelar,br BRA,DF,América (MG),32,1989,9.6,2,0,0,21,8,0,24,16,8,0,0,0,31,51,25,67.1,Matches,eacb45fd
46,Felipe Azevedo,br BRA,MFFW,América (MG),35,1987,25.3,3,1,1,34,32,3,50,14,18,0,0,0,129,47,46,50.5,Matches,4a22b15a
47,Matheus Babi,br BRA,FWMF,Atl Paranaense,24,1997,0.9,1,0,0,6,4,2,0,0,1,0,0,0,3,6,4,60.0,Matches,f48cff2c
48,Pedro Bahia,br BRA,MF,Goiás,19,2002,0.3,0,0,0,0,0,0,1,0,0,,,0,,,,,Matches,3964a23d
49,Fabrício Baiano,br BRA,FWMF,Fortaleza,29,1992,0.6,0,0,0,1,1,0,8,1,2,0,0,0,5,2,7,22.2,Matches,d8a48dad
50,Fabián Balbuena,py PAR,DF,Corinthians,30,1991,12.0,2,0,0,8,4,0,0,12,11,0,1,0,73,27,16,62.8,Matches,3626f7d9
51,Robson Bambu,br BRA,DF,Corinthians,24,1997,4.4,0,0,0,3,4,0,0,8,7,0,0,0,22,4,4,50.0,Matches,d4fa7d01
52,Léo Baptistão,br BRA,FWMF,Santos,29,1992,12.6,2,0,0,17,33,1,15,7,9,0,0,1,72,25,34,42.4,Matches,35f6db55
53,Gabriel Baralhas,br BRA,MF,Atl Goianiense,23,1998,24.0,12,0,0,40,17,0,7,35,37,0,1,0,133,25,19,56.8,Matches,b7838aad
54,Danilo Barbosa,br BRA,MF,Botafogo (RJ),25,1996,1.8,1,0,0,4,4,0,0,5,3,0,0,0,11,2,0,100.0,Matches,0557ff4f
55,Gabriel Barbosa,br BRA,FW,Flamengo,25,1996,22.7,11,1,1,10,19,17,34,2,5,1,0,0,53,4,6,40.0,Matches,72d0e1b6
56,Lucas Barbosa,br BRA,FWMF,Santos,20,2001,8.6,4,1,1,25,28,4,14,10,19,0,0,0,54,28,31,47.5,Matches,a28eac7e
57,Danilo Barcelos,br BRA,DFMF,Goiás,30,1991,11.4,8,0,0,29,9,1,56,11,17,0,0,0,40,38,35,52.1,Matches,26f4ef39
58,Leandro Barcia,uy URU,FW,Atl Goianiense,29,1992,0.3,0,0,0,1,0,0,0,2,2,0,0,1,1,0,0,,Matches,11d91ea7
59,Barreto,br BRA,MF,Botafogo (RJ),26,1995,0.3,0,0,0,1,1,0,0,0,2,0,0,0,2,1,0,100.0,Matches,de08d383
60,Fellipe Bastos,br BRA,MF,Goiás,31,1990,9.6,10,1,0,22,14,0,35,11,11,0,1,0,81,10,8,55.6,Matches,9b99eae0
61,Ramiro Benetti,br BRA,MFFW,Corinthians,28,1993,6.1,3,0,0,8,5,2,4,6,7,1,0,0,28,11,17,39.3,Matches,96d14fe7
62,Martín Benítez,ar ARG,MF,América (MG),27,1994,8.4,2,0,0,7,24,1,63,5,6,0,0,0,54,7,6,53.8,Matches,c122e34e
63,Bento,br BRA,GK,Atl Paranaense,22,1999,33.0,3,0,0,0,2,0,0,1,1,0,0,0,32,5,3,62.5,Matches,5d699228
64,Lucas Beraldo,br BRA,DF,São Paulo,18,2003,1.4,0,1,0,1,1,0,0,2,4,0,0,0,6,3,1,75.0,Matches,b8aedf06
65,Eduardo de Biasi,br BRA,MF,Avaí,25,1997,20.8,6,0,0,47,36,1,26,12,19,0,0,0,113,16,14,53.3,Matches,828a04fa
66,Pedro Bicalho,br BRA,MF,Palmeiras,20,2001,0.0,0,0,0,0,0,0,0,0,1,0,0,0,0,0,0,,Matches,f35cb8a4
67,Raul Bicalho,br BRA,DF,Corinthians,22,1999,18.7,3,0,0,16,19,0,5,32,15,0,1,0,101,35,27,56.5,Matches,79af412b
68,Guilherme Biro,br BRA,FW,Corinthians,17,2004,1.2,1,0,0,3,1,0,3,0,2,0,0,0,2,1,0,100.0,Matches,e38c2c76
69,Guilherme Biro,br BRA,DF,Coritiba,21,2000,8.2,3,0,0,14,3,1,19,14,12,0,0,0,35,8,13,38.1,Matches,02c7236e
70,Guilherme Bissoli,br BRA,FW,Avaí,24,1998,27.1,6,0,0,52,28,12,15,13,14,1,0,0,59,37,73,33.6,Matches,c9024e62
71,Marcelo Boeck,br BRA,GK,Fortaleza,37,1984,13.0,2,0,0,1,3,0,0,1,0,0,1,0,7,6,0,100.0,Matches,069cb4f8
72,Vinícius Boff,br BRA,MF,Cuiabá,22,1999,0.1,0,0,0,1,0,0,0,1,0,0,0,0,3,0,1,0.0,Matches,badaed00
73,Ângelo Borges,br BRA,FWMF,Santos,17,2004,17.0,5,0,0,19,37,3,51,6,6,1,0,0,78,4,14,22.2,Matches,737945d9
74,Daniel Borges,br BRA,DF,Botafogo (RJ),28,1993,20.8,4,1,1,21,13,1,115,17,18,0,0,0,118,12,20,37.5,Matches,71879f82
75,Douglas Borges,br BRA,GK,Botafogo (RJ),31,1990,1.0,0,0,0,0,0,0,0,0,0,0,0,0,1,1,0,100.0,Matches,55196057
76,Marllon Borges,br BRA,DF,Cuiabá,29,1992,33.4,3,0,0,27,16,1,2,35,31,0,2,0,170,67,46,59.3,Matches,d0b29bbd
77,Gabriel Boschilia,br BRA,MFFW,Internacional,25,1996,0.6,1,0,0,3,2,0,2,0,1,0,0,0,7,0,0,,Matches,e90af77c
78,Gabriel Boschilia,br BRA,MF,Coritiba,25,1996,5.3,2,0,0,11,8,0,10,6,3,0,0,0,28,0,1,0.0,Matches,e90af77c
79,Lucas Braga,br BRA,FWMF,Santos,25,1996,23.1,3,0,0,24,71,4,49,15,19,0,0,0,91,24,29,45.3,Matches,8a0a73ad
80,David Braz,br BRA,DF,Fluminense,34,1987,7.9,4,3,1,11,2,0,2,7,5,0,0,0,22,24,15,61.5,Matches,9313b408
81,Breno,br BRA,FW,Palmeiras,26,1996,3.7,2,0,0,5,9,3,14,1,2,1,0,0,20,7,9,43.8,Matches,e0016d00
82,Bressan,br BRA,DF,Avaí,29,1993,20.6,5,0,0,25,9,0,0,22,7,0,1,0,92,31,37,45.6,Matches,3db1684c
83,Emanuel Brítez,ar ARG,DF,Fortaleza,29,1992,20.0,1,0,0,37,12,4,6,30,32,0,0,0,95,31,25,55.4,Matches,fb29d05d
84,Bruninho,br BRA,MFFW,Juventude,21,2000,1.3,0,0,0,4,5,0,7,1,0,0,0,0,11,1,1,50.0,Matches,f7a3e78a
85,Bruno,br BRA,MF,Bragantino,18,2003,0.4,0,0,0,0,0,1,0,0,1,0,0,0,2,0,1,0.0,Matches,ad8c3404
86,Fabrício Bruno,br BRA,DF,Flamengo,25,1996,13.0,4,0,0,8,9,0,2,10,6,0,0,0,61,27,20,57.4,Matches,470d197b
87,Ricardo Bueno,br BRA,FW,Juventude,34,1987,9.0,3,0,0,14,30,4,11,0,8,1,0,0,32,34,47,42.0,Matches,768cbb2d
88,Vitor Bueno,br BRA,MFFW,Atl Paranaense,27,1994,12.5,2,0,0,11,20,1,28,7,5,0,0,0,64,17,24,41.5,Matches,5752f96d
89,Busanello,br BRA,DF,Juventude,23,1998,3.2,0,0,0,6,2,0,12,8,4,0,0,0,15,6,2,75.0,Matches,788c4780
90,Fabricio Bustos,ar ARG,DF,Internacional,25,1996,29.7,3,0,0,24,12,2,35,31,37,0,1,0,163,12,9,57.1,Matches,82549f54
91,Nahuel Bustos,ar ARG,FW,São Paulo,23,1998,3.2,0,0,0,7,7,2,3,0,2,0,0,0,8,0,7,0.0,Matches,8f774c7f
92,Daniel Cabral,br BRA,FW,Flamengo,19,2002,0.0,0,0,0,0,0,0,0,0,0,0,0,0,0,0,0,,Matches,c080bb5e
93,Patric Cabral Lalau,br BRA,DF,América (MG),32,1989,19.1,6,0,0,28,19,4,118,19,20,0,0,0,130,19,26,42.2,Matches,16cd17b7
94,Raúl Cáceres,py PAR,DF,América (MG),30,1991,18.0,1,0,0,23,6,3,89,17,19,0,0,0,60,16,30,34.8,Matches,6d9dc5be
95,Matheus Cadorini,br BRA,FW,Internacional,19,2002,1.0,0,1,0,3,2,0,1,0,0,0,0,0,2,3,9,25.0,Matches,7f2b23f8
96,Matheus Cadorini,br BRA,FW,Coritiba,19,2002,3.5,1,0,0,2,2,1,0,1,2,0,0,0,3,15,13,53.6,Matches,7f2b23f8
97,Caetano,br BRA,DF,Goiás,22,1999,24.6,1,0,0,25,10,0,4,37,19,0,2,0,90,23,26,46.9,Matches,226e5efd
98,Jonathan Cafu,br BRA,DFMF,Cuiabá,30,1991,6.2,0,1,0,9,11,1,15,1,6,0,0,0,36,12,20,37.5,Matches,8d043f1d
99,Rodrigo Caio,br BRA,DF,Flamengo,28,1993,6.5,0,0,0,3,4,0,0,8,4,0,0,0,44,11,6,64.7,Matches,186ed8f1
100,Calebe,br BRA,MFFW,Atlético Mineiro,21,2000,2.9,1,0,0,4,11,0,4,3,7,0,0,0,26,2,3,40.0,Matches,c84af55e
101,Lucas Calegari,br BRA,DF,Fluminense,19,2002,7.3,1,0,0,6,17,0,13,5,5,0,0,0,46,13,7,65.0,Matches,a564fe91
102,Jonathan Calleri,ar ARG,FW,São Paulo,28,1993,31.3,5,0,0,43,70,28,38,5,12,0,1,0,70,115,106,52.0,Matches,6922f806
103,Guilherme Camacho,br BRA,MF,Santos,31,1990,18.1,8,0,0,38,7,0,4,18,26,0,0,0,103,23,26,46.9,Matches,61a6775b
104,Nathan Camargo,br BRA,MFFW,Bragantino,16,2005,0.8,1,0,0,4,1,0,0,1,3,0,0,0,6,0,5,0.0,Matches,2c79da44
105,Camilo,br BRA,MF,Cuiabá,22,1999,18.5,3,0,0,21,11,0,7,26,22,0,0,0,109,14,18,43.8,Matches,dfb81359
106,Camutanga,br BRA,DF,Atl Goianiense,28,1993,0.8,0,0,0,0,0,0,0,2,2,0,0,0,4,5,0,100.0,Matches,c455a045
107,Luan Cândido,br BRA,DF,Bragantino,20,2001,29.2,4,2,0,44,14,9,46,32,21,0,4,0,131,98,48,67.1,Matches,ca151606
108,Germán Cano,ar ARG,FW,Fluminense,33,1988,34.2,2,0,0,26,16,25,12,8,6,1,0,0,84,21,28,42.9,Matches,9ccf4e14
109,Agustín Canobbio,uy URU,FW,Atl Paranaense,23,1998,15.6,2,0,0,25,34,3,35,7,16,1,0,0,79,6,9,40.0,Matches,4f5a2f38
110,Víctor Cantillo,co COL,MF,Corinthians,28,1993,10.2,1,0,0,11,21,0,23,12,12,0,0,0,80,15,6,71.4,Matches,45075f2f
111,Capixaba,br BRA,FWMF,Juventude,25,1997,18.4,6,0,0,24,41,0,58,19,27,0,0,0,68,11,23,32.4,Matches,ea2634a1
112,Juninho Capixaba,br BRA,DF,Fortaleza,24,1997,32.3,8,0,0,61,67,1,157,66,38,0,0,0,223,88,53,62.4,Matches,91ba7336
113,Gabriel Carabajal,ar ARG,MFFW,Santos,30,1991,5.5,2,0,0,11,8,0,26,3,4,0,0,0,21,6,6,50.0,Matches,7a694ae4
114,Johnny Cardoso,us USA,MF,Internacional,20,2001,15.7,5,0,0,29,17,1,5,39,22,0,1,0,103,33,13,71.7,Matches,7426f085
115,Igor Cariús,br BRA,DFMF,Cuiabá,28,1993,12.9,6,1,1,22,13,1,41,23,20,0,0,0,73,33,28,54.1,Matches,662475de
116,Joel Carli,ar ARG,DF,Botafogo (RJ),35,1986,4.1,3,0,0,3,1,0,0,5,2,0,0,0,11,12,6,66.7,Matches,00d6e369
117,Ed Carlos,br BRA,MF,Santos,20,2001,2.9,0,0,0,2,0,0,10,0,3,0,0,0,14,4,2,66.7,Matches,e93e479e
118,Jan Carlos Hurtado,ve VEN,FW,Bragantino,21,2000,5.4,0,0,0,22,5,3,1,3,1,0,0,0,13,7,16,30.4,Matches,f50b0b2b
119,João Carlos,br BRA,GK,Cuiabá,33,1988,10.6,1,0,0,0,1,0,0,0,0,0,0,0,10,1,0,100.0,Matches,ad9e7995
120,Alan Carvalho,cn CHN,FWMF,Fluminense,32,1989,0.4,0,0,0,1,1,0,0,0,0,0,0,0,2,0,1,0.0,Matches,ebb2d232
121,Guilherme Carvalho,br BRA,MF,Ceará,22,1999,7.6,2,0,0,12,11,1,26,8,10,0,0,0,40,4,12,25.0,Matches,a32d25d3
122,Guilherme Carvalho,br BRA,MFDF,Atlético Mineiro,22,1999,1.6,0,0,0,4,0,0,1,1,3,0,0,0,11,4,3,57.1,Matches,a32d25d3
123,Cássio,br BRA,GK,Corinthians,34,1987,34.0,3,0,0,0,7,0,0,1,0,0,0,0,26,14,0,100.0,Matches,d42f6326
124,Luciano Castán,br BRA,DF,Coritiba,32,1989,35.0,7,1,0,28,19,1,2,35,17,0,1,0,152,64,52,55.2,Matches,0470eeba
125,Iury de Castilho,br BRA,FW,Ceará,26,1995,5.8,3,0,0,11,24,6,13,1,3,1,0,0,37,6,10,37.5,Matches,555311f2
126,Cauã,br BRA,DF,Juventude,18,2003,0.5,0,0,0,1,1,0,0,0,3,0,0,0,4,0,1,0.0,Matches,3c48a088
127,Matheus Cavichioli,br BRA,GK,América (MG),35,1986,25.0,1,0,0,2,4,0,0,2,1,0,1,0,23,17,0,100.0,Matches,8470f026
128,Brayan Ceballos,co COL,DF,Fortaleza,20,2001,11.9,8,1,1,15,4,1,3,14,9,0,0,0,55,42,24,63.6,Matches,3fa61ade
129,Murilo Cerqueira,br BRA,DF,Palmeiras,24,1997,31.5,7,0,0,25,10,2,0,39,21,0,0,0,153,96,40,70.6,Matches,10fe831e
130,Reynaldo Cesar Moraes,br BRA,DF,Goiás,25,1997,30.5,4,0,0,34,8,0,2,40,26,0,0,0,94,62,28,68.9,Matches,589d070c
131,Jhon Chancellor,ve VEN,DF,Coritiba,30,1992,13.0,3,0,0,13,3,1,0,9,7,0,0,0,42,33,19,63.5,Matches,84b6acaa
132,Arthur Chaves,br BRA,DF,Avaí,21,2001,16.5,5,0,0,16,10,1,0,13,15,0,3,0,71,27,21,56.3,Matches,913e4711
133,Renato Chaves,br BRA,DF,Juventude,31,1990,1.8,0,0,0,1,0,0,0,5,0,0,0,0,7,5,0,100.0,Matches,2a51efe8
134,Chico,br BRA,MFFW,Juventude,30,1991,24.2,3,1,0,54,69,3,145,25,31,0,0,0,132,21,34,38.2,Matches,bad7d8a9
135,Christian,br BRA,MF,Atl Paranaense,21,2000,4.8,3,0,0,17,6,2,3,5,6,0,0,0,21,5,3,62.5,Matches,a856b456
136,Diego Churín,ar ARG,FW,Atl Goianiense,32,1989,26.5,6,0,0,51,52,5,11,8,18,0,0,0,72,119,103,53.6,Matches,875ac6e9
137,Marcelo Cirino,br BRA,FW,Atl Paranaense,30,1992,5.2,1,0,0,5,5,5,7,5,3,1,0,0,16,7,20,25.9,Matches,6ba81b35
138,Léo Cittadini,br BRA,MFFW,Atl Paranaense,27,1994,8.0,2,0,0,16,16,0,5,5,10,0,0,0,37,8,11,42.1,Matches,68410185
139,Luccas Claro,br BRA,DF,Fluminense,30,1991,5.2,1,0,0,6,7,0,0,8,1,0,0,1,20,16,8,66.7,Matches,3cacc0ec
140,Clayton,br BRA,FWMF,Coritiba,23,1999,3.6,1,0,0,10,11,5,1,0,1,0,0,0,13,8,17,32.0,Matches,b05870de
141,Cléber,br BRA,FW,Ceará,25,1996,10.9,6,1,1,38,6,4,5,2,10,0,0,0,26,56,49,53.3,Matches,e539e239
142,Jean Cléber,br BRA,MF,Avaí,31,1990,9.6,2,0,0,16,14,0,6,13,11,0,0,0,56,9,14,39.1,Matches,16bf849a
143,Cleiton,br BRA,DF,Flamengo,18,2003,0.0,0,0,0,0,0,0,0,0,0,,,0,,,,,Matches,741c6251
144,Andrés Colorado,co COL,MF,São Paulo,23,1998,3.4,0,0,0,10,1,0,1,5,9,0,0,0,23,7,4,63.6,Matches,f3afff11
145,Germán Conti,ar ARG,DF,América (MG),27,1994,18.4,1,0,0,15,1,0,0,28,13,0,0,0,69,97,40,70.8,Matches,7b18b6db
146,Jonathan Copete,co COL,FW,Avaí,34,1988,3.1,1,0,0,7,4,2,6,3,2,0,0,0,17,8,8,50.0,Matches,ce070a45
147,Bruno Cortez,br BRA,DF,Avaí,34,1987,27.0,7,0,0,21,25,1,28,12,25,0,0,0,163,22,25,46.8,Matches,a3a1198a
148,Talles Costa,br BRA,MF,São Paulo,19,2002,6.1,1,0,0,6,15,0,5,8,8,0,0,0,28,5,4,55.6,Matches,d8f15d24
149,Lucas Crispim,br BRA,DFMF,Fortaleza,27,1994,13.0,4,0,0,14,14,1,79,15,13,0,0,0,75,11,12,47.8,Matches,6501ff61
150,Daniel Cruz,br BRA,FWDF,Botafogo (RJ),20,2001,0.1,0,0,0,0,0,0,0,0,1,0,0,0,1,1,1,50.0,Matches,86a118c2
151,Tomás Cuello,ar ARG,FW,Atl Paranaense,21,2000,18.0,6,1,1,26,34,5,74,12,25,0,0,0,98,6,18,25.0,Matches,5c8615dd
152,Víctor Cuesta,ar ARG,DF,Botafogo (RJ),33,1988,28.5,8,0,0,28,11,2,8,59,29,0,0,0,153,67,27,71.3,Matches,39fb428f
153,Andrés D'Alessandro,ar ARG,FW,Internacional,40,1981,0.8,1,0,0,0,1,0,3,0,0,0,0,0,4,0,2,0.0,Matches,6a11048a
154,Adailson Dadá,br BRA,MFFW,Goiás,24,1997,27.9,10,1,1,52,71,3,105,15,22,0,0,0,132,7,27,20.6,Matches,2a75cc09
155,Daniel,br BRA,GK,Internacional,27,1994,23.0,5,0,0,0,6,0,0,1,0,0,0,0,9,1,1,50.0,Matches,636fc976
156,Danilo,br BRA,DF,Goiás,24,1997,2.6,0,0,0,3,1,0,0,2,0,0,0,0,6,4,4,50.0,Matches,415a34c5
157,Danilo,br BRA,MF,Palmeiras,20,2001,30.5,5,1,0,46,21,1,16,29,40,0,1,0,190,20,31,39.2,Matches,a816dbfb
158,David,br BRA,MF,Ceará,17,2004,0.1,0,0,0,0,0,0,0,0,0,0,0,0,1,0,0,,Matches,16a42430
159,David,br BRA,FW,Internacional,26,1995,9.1,1,0,0,21,16,7,12,0,6,0,0,0,25,14,32,30.4,Matches,92f9ace5
160,Kayke David,br BRA,FWMF,Flamengo,19,2003,0.3,0,0,0,1,3,0,2,0,0,0,0,0,4,0,0,,Matches,2285358d
161,Giorgian De Arrascaeta,uy URU,MF,Flamengo,27,1994,16.4,1,0,0,9,48,2,132,5,23,1,0,0,74,13,17,43.3,Matches,be8d02dd
162,Denilson,br BRA,MF,Cuiabá,20,2001,7.8,4,0,0,18,16,0,1,9,12,0,0,0,54,4,4,50.0,Matches,9144afdf
163,Dentinho,br BRA,FW,Ceará,33,1989,0.6,0,0,0,5,0,1,2,0,1,0,0,0,4,1,2,33.3,Matches,85686f86
164,Dentinho,br BRA,FWMF,Avaí,24,1997,3.2,4,0,0,6,11,0,7,3,3,1,0,0,16,2,6,25.0,Matches,aaacc628
165,Valentín Depietri,ar ARG,FWMF,Fortaleza,21,2000,2.6,0,0,0,7,2,0,13,2,2,0,0,0,16,4,3,57.1,Matches,d02cb5d7
166,Deyverson,br BRA,FW,Cuiabá,30,1991,14.1,4,0,0,13,28,13,10,4,3,0,0,0,45,73,59,55.3,Matches,2e5e846d
167,Luan Dias,br BRA,MFFW,Goiás,24,1997,8.6,7,0,0,21,15,1,19,9,12,0,0,0,50,5,4,55.6,Matches,a342ce1e
168,Matheus Dias,br BRA,MF,Internacional,24,1997,1.2,0,0,0,1,2,0,0,1,2,0,0,0,4,2,0,100.0,Matches,ddfa9005
169,Juan Díaz,co COL,MF,Coritiba,20,2001,1.5,0,0,0,2,2,0,0,1,6,0,0,0,4,2,1,66.7,Matches,36839110
170,Diego,br BRA,MFDF,Ceará,33,1988,2.3,1,0,0,4,6,0,8,7,0,0,0,0,11,4,0,100.0,Matches,cd09e9a1
171,Diego,br BRA,GK,Atl Goianiense,23,1998,2.0,0,0,0,0,1,0,0,0,0,0,0,0,1,0,0,,Matches,6b023405
172,Diego,br BRA,DF,São Paulo,22,1999,19.1,7,0,0,36,8,0,6,24,25,0,1,0,68,47,33,58.8,Matches,7fb8f90c
173,Diego,br BRA,MF,Flamengo,36,1985,9.8,3,0,0,20,19,1,6,10,15,0,1,0,62,6,6,50.0,Matches,255a478a
174,Diego,br BRA,GK,Botafogo (RJ),23,1998,2.0,1,0,0,0,0,0,0,0,0,0,0,0,0,0,0,,Matches,6b023405
175,Dieguinho,br BRA,MFDF,Goiás,26,1995,32.1,4,0,0,34,77,1,87,35,39,1,0,0,204,28,26,51.9,Matches,7e5a7340
176,Dodô,br BRA,DF,Atlético Mineiro,29,1992,10.1,2,0,0,10,7,1,34,13,11,0,0,0,39,10,10,50.0,Matches,99931185
177,Matheus Donelli,br BRA,GK,Corinthians,19,2002,2.0,0,0,0,0,0,0,0,0,0,0,0,0,1,0,0,,Matches,7c736064
178,Renan dos Santos,br BRA,GK,Atl Goianiense,32,1989,16.0,2,0,0,0,3,0,0,0,0,0,0,0,4,4,0,100.0,Matches,6bfaecc4
179,Douglas,br BRA,DF,Bragantino,33,1988,0.8,0,0,0,1,0,0,1,0,1,,,0,,,,,Matches,e7fea035
180,Rodrigo Dourado,br BRA,MF,Internacional,27,1994,5.0,2,0,0,9,4,0,0,7,6,0,0,0,24,10,5,66.7,Matches,d7d05a22
181,David Duarte,br BRA,DF,Fluminense,27,1995,0.9,2,0,0,2,0,0,0,4,1,0,0,0,7,8,0,100.0,Matches,91bf16f7
182,Dudu,br BRA,FW,Palmeiras,30,1992,31.3,2,0,0,16,63,6,77,24,7,0,0,0,151,7,25,21.9,Matches,895ef5ec
183,Dudu,br BRA,DF,Juventude,19,2002,1.2,0,0,0,3,1,0,1,3,0,0,0,0,6,1,2,33.3,Matches,3f10ae0b
184,Pablo Dyego,br BRA,FW,Avaí,27,1994,5.4,1,0,0,8,13,0,7,6,7,0,0,0,20,3,14,17.6,Matches,fce54d7d
185,Edenílson,br BRA,MF,Internacional,32,1989,24.3,3,0,0,18,23,1,62,15,22,1,0,0,132,14,29,32.6,Matches,4e50f20e
186,Eder,br BRA,DF,América (MG),26,1995,32.7,6,0,0,45,9,0,1,54,13,0,0,1,162,84,54,60.9,Matches,ba1a2c4c
187,Éder,it ITA,FWMF,São Paulo,35,1986,7.4,4,0,0,8,10,9,11,1,5,1,0,0,18,10,16,38.5,Matches,5a325298
188,Edinho,br BRA,MF,Juventude,27,1994,4.1,0,0,0,4,7,0,20,1,0,,,0,,,,,Matches,a8cedcd9
189,Edson,br BRA,MFDF,Atl Goianiense,23,1998,9.1,7,0,0,18,23,0,16,10,12,0,0,0,61,7,10,41.2,Matches,644d4d85
190,Edson,br BRA,DFMF,Atl Goianiense,30,1991,15.8,5,0,0,12,16,1,1,27,15,1,1,0,86,35,26,57.4,Matches,041250aa
191,Carlos Eduardo,br BRA,MF,Botafogo (RJ),32,1989,12.2,3,0,0,21,28,0,11,10,10,0,0,0,56,16,18,47.1,Matches,1a234d32
192,Carlos Eduardo,br BRA,FWMF,Bragantino,25,1996,10.0,4,0,0,30,28,5,15,5,9,1,0,0,37,10,25,28.6,Matches,27c23008
193,Elton,br BRA,MF,Juventude,31,1990,12.9,5,0,0,25,9,1,0,20,18,0,0,0,71,14,12,53.8,Matches,42b5868b
194,Leandro Emmanuel Martínez,ar ARG,MF,América (MG),27,1994,2.9,1,0,0,3,6,0,19,3,6,0,0,0,15,0,1,0.0,Matches,74758396
195,Alan Empereur,br BRA,DF,Cuiabá,27,1994,24.7,9,1,1,21,22,1,6,38,9,0,0,0,97,34,26,56.7,Matches,825b8997
196,Endrick,br BRA,FW,Palmeiras,15,2006,3.4,1,0,0,9,4,3,2,0,4,0,0,0,5,0,5,0.0,Matches,a2728fbf
197,Erick,br BRA,MF,Atl Paranaense,24,1997,20.5,2,0,0,30,14,0,5,31,26,0,0,0,97,32,23,58.2,Matches,8a826636
198,Erick,br BRA,FWMF,Ceará,24,1997,11.7,5,0,0,13,36,6,62,5,5,0,0,0,58,6,8,42.9,Matches,8edcad0d
199,Erison,br BRA,FW,Botafogo (RJ),22,1999,16.5,2,0,0,29,25,13,10,1,3,0,0,0,26,26,80,24.5,Matches,a9c450cb
200,Estevão,br BRA,FWMF,Internacional,19,2002,1.2,0,0,0,2,3,0,0,1,1,0,0,0,6,3,3,50.0,Matches,149f4681
201,Lucas Evangelista,br BRA,MF,Bragantino,26,1995,29.0,2,1,0,41,58,2,29,27,36,0,0,0,151,62,56,52.5,Matches,5f4ce4b6
202,Everaldo,br BRA,MFFW,América (MG),27,1994,21.0,6,0,0,31,52,5,117,16,17,0,0,0,100,6,18,25.0,Matches,bdb57777
203,Éverson,br BRA,GK,Atlético Mineiro,31,1990,37.0,5,0,0,0,4,0,0,0,0,0,0,0,40,5,1,83.3,Matches,a59c090b
204,Éverton,br BRA,MFFW,Cuiabá,33,1988,4.4,2,0,0,12,13,1,9,4,6,0,0,0,30,5,9,35.7,Matches,f50a3570
205,Fabinho,br BRA,MF,Palmeiras,19,2002,0.8,1,0,0,4,0,0,0,2,3,0,0,0,6,0,0,,Matches,ff0e595c
206,Fábio,br BRA,FWMF,Atlético Mineiro,24,1997,1.5,0,0,0,1,1,0,0,0,1,0,0,0,6,4,9,30.8,Matches,30f90535
207,Fábio,br BRA,GK,Fluminense,41,1980,38.0,2,0,0,0,5,0,0,0,1,0,0,0,31,14,0,100.0,Matches,15825726
208,Fabrício,br BRA,FWMF,Coritiba,24,1997,16.7,3,0,0,17,41,1,24,7,19,0,0,0,77,7,33,17.5,Matches,0211a29e
209,Fagner,br BRA,DF,Corinthians,32,1989,10.0,3,0,0,15,11,2,51,11,21,0,0,0,44,7,8,46.7,Matches,a9cc58fe
210,Willian Farias,br BRA,MF,Coritiba,32,1989,17.7,7,0,0,12,25,0,2,19,21,0,0,0,99,16,9,64.0,Matches,d1fcff2f
211,Lucas Fasson,br BRA,DF,Atl Paranaense,20,2001,0.8,0,0,0,0,0,0,0,1,0,0,0,0,7,1,1,50.0,Matches,31ecbf29
212,Felipe,br BRA,MF,Fortaleza,27,1994,9.8,2,1,0,12,13,0,3,13,7,0,0,0,56,15,8,65.2,Matches,cadbabf9
213,Luis Felipe,br BRA,DF,Santos,28,1993,10.9,3,0,0,13,4,1,0,18,9,,,1,,,,,Matches,746c8624
214,Matheus Felipe,br BRA,DF,Atl Paranaense,23,1998,19.8,3,0,0,21,5,0,2,17,20,0,0,0,70,33,22,60.0,Matches,90749ab9
215,Lucas Fernandes,br BRA,MF,Botafogo (RJ),24,1997,18.6,3,0,0,30,29,0,63,8,10,0,0,0,92,9,13,40.9,Matches,a109d777
216,Matheus Fernandes,br BRA,MF,Atl Paranaense,23,1998,7.6,2,0,0,14,3,0,1,9,13,0,0,0,55,6,4,60.0,Matches,f76fdcd2
217,Gatito Fernández,py PAR,GK,Botafogo (RJ),33,1988,31.2,1,0,0,0,6,0,0,2,1,0,0,0,28,5,0,100.0,Matches,9a82f79a
218,Ignacio Fernández,ar ARG,MF,Atlético Mineiro,32,1990,24.7,7,0,0,22,59,3,154,21,24,2,0,0,141,7,19,26.9,Matches,97a17c0b
219,Rodrigo Fernández,uy URU,MF,Santos,26,1996,25.7,15,0,0,84,27,0,17,20,52,0,2,0,205,29,16,64.4,Matches,617ee116
220,Fernandinho,br BRA,MF,Atl Paranaense,36,1985,10.8,5,0,0,26,16,1,13,11,8,0,0,0,71,17,19,47.2,Matches,101da2b5
221,Derick Fernando,br BRA,DF,Santos,19,2002,0.2,0,0,0,0,0,0,0,0,0,0,0,0,2,0,0,,Matches,a19d96f6
222,Luiz Fernando,br BRA,FWMF,Atl Goianiense,25,1996,19.4,7,2,1,26,39,12,25,11,10,0,0,0,102,26,37,41.3,Matches,824ed016
223,Nahuel Ferraresi,ve VEN,DF,São Paulo,23,1998,7.9,1,1,0,9,10,0,0,12,11,0,1,0,53,14,8,63.6,Matches,719aab45
224,Luiz Filipe,br BRA,MFFW,Goiás,20,2001,0.4,1,0,0,1,2,0,1,0,1,1,0,0,2,0,0,,Matches,4a615e0b
225,Flávio,br BRA,MF,América (MG),21,2000,0.3,0,0,0,1,1,0,1,2,2,0,0,0,1,1,0,100.0,Matches,f0367bfd
226,Rafael Forster,br BRA,DF,Juventude,31,1990,18.1,1,0,0,15,14,0,7,26,18,0,0,0,116,36,32,52.9,Matches,eb3f56e5
227,Matheus França,br BRA,FWMF,Flamengo,17,2004,7.5,1,0,0,15,5,0,8,3,5,0,0,0,27,13,14,48.1,Matches,077faf72
228,Fred,br BRA,FWMF,Fluminense,38,1983,1.4,1,0,0,2,0,0,1,0,0,0,0,0,1,3,4,42.9,Matches,acaeba74
229,Marlon Freitas,br BRA,MF,Atl Goianiense,26,1995,27.5,2,0,0,16,5,2,23,28,29,0,0,1,164,17,18,48.6,Matches,ae3181de
230,Douglas Friedrich,br BRA,GK,Avaí,33,1988,10.4,1,1,0,1,2,0,0,0,0,0,0,0,8,6,0,100.0,Matches,8789242d
231,Gabriel,br BRA,MF,São Paulo,22,1999,0.5,0,0,0,2,1,0,1,0,0,0,0,0,1,0,1,0.0,Matches,135d500d
232,Gabriel,br BRA,MF,Internacional,29,1992,23.8,2,0,0,45,26,0,8,44,58,0,0,0,162,17,16,51.5,Matches,e9c0d5d8
233,Gabriel,br BRA,GK,Coritiba,29,1992,13.0,2,0,0,1,1,0,0,0,0,0,1,0,11,4,1,80.0,Matches,f93ed0df
234,Gabriel,br BRA,MF,Botafogo (RJ),28,1993,8.3,3,0,0,13,11,0,11,17,9,0,1,0,41,17,6,73.9,Matches,0d10333c
235,Eduardo Gabriel,br BRA,DF,Santos,25,1996,33.0,7,0,0,13,36,1,0,49,17,1,0,0,122,80,58,58.0,Matches,aed65960
236,Luiz Gabriel,br BRA,FWMF,Coritiba,19,2002,1.1,1,0,0,1,4,0,0,3,3,0,0,0,4,0,2,0.0,Matches,f9c619e0
237,Marquinhos Gabriel,br BRA,MFFW,Goiás,31,1990,8.4,1,0,0,6,17,3,20,1,6,0,0,0,37,5,7,41.7,Matches,fcd113c4
238,Vitor Gabriel,br BRA,FWMF,Juventude,22,2000,8.6,6,0,0,30,12,3,3,0,3,0,0,0,25,37,42,46.8,Matches,094c2abd
239,Matías Galarza,py PAR,MF,Coritiba,19,2002,6.7,4,0,0,26,15,0,10,13,9,0,0,0,53,4,11,26.7,Matches,8e97a57b
240,Matheus Galdezani,br BRA,MF,Avaí,29,1992,3.2,3,0,0,10,4,0,4,6,8,0,0,0,16,1,5,16.7,Matches,5042eb90
241,Thiago Galhardo,br BRA,FWMF,Fortaleza,32,1989,15.0,5,0,0,16,20,2,10,6,7,1,0,0,44,38,50,43.2,Matches,766f48dd
242,Giuliano Galoppo,ar ARG,MF,São Paulo,22,1999,7.9,1,0,0,13,7,0,7,3,11,0,0,0,34,13,13,50.0,Matches,a8eeadaf
243,Léo Gamalho,br BRA,FW,Coritiba,36,1986,18.4,2,0,0,24,35,7,6,0,6,1,0,0,36,66,65,50.4,Matches,f73056ee
244,Ganso,br BRA,MFFW,Fluminense,32,1989,27.5,7,0,0,30,46,0,60,9,22,1,0,0,125,9,25,26.5,Matches,23593121
245,García,br BRA,DFMF,Palmeiras,20,2002,1.1,1,0,0,0,1,0,1,2,0,0,0,0,4,3,1,75.0,Matches,45d071f4
246,Bryan García,ec ECU,MF,Atl Paranaense,21,2001,3.1,2,0,0,4,4,0,1,2,4,0,0,0,28,0,4,0.0,Matches,7b66d351
247,Luan Garcia,br BRA,DF,Palmeiras,28,1993,13.6,2,0,0,21,10,1,1,22,4,0,0,1,58,19,11,63.3,Matches,6ebe6cc1
248,Gaspar,br BRA,FW,Avaí,19,2002,0.4,0,0,0,0,1,1,1,1,2,0,0,0,2,0,0,,Matches,996af9a5
249,Rafael Gava,br BRA,MF,Cuiabá,28,1993,22.7,2,0,0,29,22,4,178,15,17,0,0,0,131,22,25,46.8,Matches,713e1a36
250,Lucas Gazal,br BRA,DF,Atl Goianiense,22,1999,14.5,1,1,0,19,2,1,3,16,4,0,0,0,51,33,21,61.1,Matches,dcae46d5
251,Guilherme Gehring,br BRA,MF,Juventude,16,2005,0.1,0,0,0,0,0,0,0,0,0,0,0,0,0,0,0,,Matches,37faab98
252,Geovane,br BRA,MF,Ceará,22,1999,6.1,4,0,0,19,13,0,6,5,4,0,0,0,35,5,7,41.7,Matches,099a14d5
253,Gil,br BRA,DF,Corinthians,34,1987,22.7,4,0,0,13,7,3,0,29,13,0,1,0,116,62,24,72.1,Matches,31edef00
254,Giovane,br BRA,FWDF,Corinthians,18,2003,3.3,2,0,0,9,4,1,6,1,2,1,0,0,7,5,10,33.3,Matches,1b567cdc
255,Giovani,br BRA,FWMF,Palmeiras,18,2004,0.4,0,0,0,0,1,0,2,0,0,0,0,0,2,0,1,0.0,Matches,a199bd5f
256,Glédson,br BRA,GK,Avaí,38,1983,5.0,2,0,0,0,3,0,0,0,0,0,0,0,4,0,1,0.0,Matches,a9d625f5
257,Diego Godín,uy URU,DF,Atlético Mineiro,35,1986,1.0,0,0,0,2,2,0,0,2,2,0,0,0,6,3,3,50.0,Matches,fc4f85b1
258,Bruno Gomes,br BRA,MF,Coritiba,20,2001,16.6,3,0,0,29,48,0,21,23,21,0,0,0,94,9,13,40.9,Matches,76f2bbf8
259,Igor Gomes,br BRA,MF,São Paulo,22,1999,22.9,5,1,1,35,28,3,64,18,13,0,0,0,117,32,22,59.3,Matches,6a7fb945
260,Igor Gomes,br BRA,DF,Internacional,20,2001,1.3,0,0,0,1,2,0,1,1,0,0,1,0,5,0,1,0.0,Matches,509d5b3d
261,João Gomes,br BRA,MF,Flamengo,20,2001,20.9,8,0,0,54,49,0,11,26,51,0,0,0,130,13,18,41.9,Matches,8b57ad2c
262,Gustavo Gómez,py PAR,DF,Palmeiras,28,1993,30.0,9,0,0,31,19,7,12,48,21,0,1,0,146,103,71,59.2,Matches,d5ce52a5
263,Aloísio dos Santos Gonçalves,cn CHN,FWMF,América (MG),33,1988,10.5,4,0,0,37,18,10,6,4,8,0,0,0,30,8,27,22.9,Matches,9851b2e0
264,Diego Gonçalves,br BRA,FW,Botafogo (RJ),27,1994,5.4,2,0,0,8,7,2,22,2,3,0,0,0,23,11,12,47.8,Matches,c707fc37
265,Matheus Gonçalves,br BRA,FW,Flamengo,16,2005,0.3,0,0,0,0,0,1,1,0,0,0,0,0,5,0,0,,Matches,071a6836
266,Ricardo Goulart,br BRA,MFFW,Santos,30,1991,4.5,2,0,0,6,8,0,6,1,3,0,0,0,17,8,6,57.1,Matches,f053730b
267,Daniel Guedes,br BRA,DFMF,Cuiabá,27,1994,8.8,4,0,0,12,5,3,85,15,9,0,0,0,36,7,10,41.2,Matches,25f61bc3
268,Roger Guedes,br BRA,FWMF,Corinthians,25,1996,28.3,6,0,0,17,56,10,27,3,3,0,0,0,86,33,35,48.5,Matches,612a9dd7
269,Paolo Guerrero,pe PER,FW,Avaí,38,1984,4.8,2,0,0,11,8,2,2,1,0,0,0,0,18,19,22,46.3,Matches,ae6657a1
270,Guga,br BRA,DF,Atlético Mineiro,23,1998,18.6,1,0,0,19,22,1,78,27,35,0,0,0,89,14,21,40.0,Matches,6975a3e1
271,Marcos Guilherme,br BRA,FWMF,São Paulo,26,1995,6.4,1,0,0,4,6,1,9,3,2,0,0,0,23,2,4,33.3,Matches,d5ff6084
272,Marcos Guilherme,br BRA,MF,Santos,26,1995,0.3,0,0,0,1,0,0,1,0,1,0,0,0,3,2,0,100.0,Matches,d5ff6084
273,Gustavinho,br BRA,MF,América (MG),20,2001,4.3,2,0,0,7,12,0,14,4,9,0,0,0,21,4,7,36.4,Matches,69896b0e
274,Habraão,br BRA,DF,Fortaleza,20,2001,2.4,0,0,0,6,4,0,0,1,2,0,1,0,8,11,8,57.9,Matches,1e329d13
275,Lucas Halter,br BRA,DF,Atl Paranaense,21,2000,1.1,1,0,0,3,1,0,0,2,0,0,0,0,5,0,0,,Matches,7aa882a2
276,Lucas Halter,br BRA,DF,Goiás,21,2000,11.9,2,0,0,7,1,1,2,9,7,0,0,0,38,16,14,53.3,Matches,7aa882a2
277,Hayner,br BRA,DF,Atl Goianiense,26,1995,15.3,8,1,0,28,33,6,70,22,10,1,0,0,54,18,19,48.6,Matches,246c7429
278,Heitor,br BRA,DF,Internacional,21,2000,4.4,2,0,0,2,1,0,13,9,13,0,0,0,17,2,1,66.7,Matches,e0839492
279,Thiago Heleno,br BRA,DF,Atl Paranaense,33,1988,12.7,4,1,0,11,4,0,1,23,6,0,0,0,59,16,19,45.7,Matches,827422f9
280,Helinho,br BRA,FWMF,Bragantino,21,2000,19.0,8,0,0,36,21,4,69,19,15,0,0,0,108,9,17,34.6,Matches,5837cb60
281,Henrique,br BRA,DF,Coritiba,35,1986,17.9,5,1,0,15,5,1,3,21,12,0,2,1,70,21,24,46.7,Matches,429163de
282,Arthur Henrique,br BRA,DF,Atl Goianiense,27,1994,10.7,0,1,0,14,10,0,27,16,19,0,0,0,57,11,10,52.4,Matches,ae46bd26
283,Bruno Henrique,br BRA,FWMF,Flamengo,31,1990,6.8,3,0,0,11,20,8,11,4,8,0,0,0,28,13,11,54.2,Matches,5edff24f
284,Daniel Henrique,br BRA,FW,Ceará,17,2004,0.3,0,0,0,0,1,0,0,0,0,0,0,0,1,0,0,,Matches,1ef923db
285,Gustavo Henrique,br BRA,DF,Flamengo,28,1993,3.8,0,0,0,5,0,0,0,5,3,0,0,0,11,13,2,86.7,Matches,fa066690
286,Luis Henrique,br BRA,FWMF,Botafogo (RJ),20,2001,2.9,1,0,0,4,3,2,6,3,1,0,0,0,17,2,0,100.0,Matches,f36d5624
287,Luiz Henrique,br BRA,FWMF,Fluminense,21,2001,11.7,0,0,0,18,21,2,21,9,19,0,0,0,64,19,27,41.3,Matches,8059806f
288,Paulo Henrique,br BRA,DFMF,Juventude,25,1996,16.7,3,0,0,33,13,3,94,11,27,0,1,0,130,19,17,52.8,Matches,25a0cb08
289,Pedro Henrique,br BRA,DF,Atl Paranaense,26,1995,25.6,7,0,0,21,22,0,3,42,24,0,0,0,123,70,38,64.8,Matches,4322e5d7
290,Pedro Henrique,br BRA,FWMF,Internacional,31,1990,17.7,6,0,0,41,47,18,81,9,21,1,0,0,61,26,26,50.0,Matches,460976a2
291,Hércules,br BRA,MFFW,Fortaleza,21,2000,15.2,1,0,0,17,11,1,17,10,16,0,0,0,100,13,9,59.1,Matches,eadc7b45
292,Nicolás Hernández,co COL,DF,Atl Paranaense,24,1998,18.0,3,0,0,18,5,0,1,22,17,0,0,1,70,17,26,39.5,Matches,86046c18
293,Hugo,br BRA,DFMF,Goiás,24,1997,7.8,3,0,0,11,6,1,22,11,11,0,0,0,49,17,10,63.0,Matches,bd2593f3
294,Hugo,br BRA,DFMF,Botafogo (RJ),20,2001,12.2,3,1,0,18,12,0,35,20,19,0,0,0,57,13,14,48.1,Matches,de3dc682
295,José Hugo,br BRA,FWMF,Coritiba,22,1999,4.4,0,0,0,6,15,1,9,1,5,0,0,0,26,9,6,60.0,Matches,d0f01217
296,Victor Hugo,br BRA,MF,Flamengo,17,2004,13.9,1,0,0,7,13,1,14,11,11,0,0,0,61,17,35,32.7,Matches,33fca7f7
297,Vitor Hugo,br BRA,FW,Goiás,17,2004,0.0,0,0,0,0,0,0,0,0,0,0,0,0,0,0,0,,Matches,217f53a6
298,Hulk,br BRA,FW,Atlético Mineiro,35,1986,23.2,6,0,0,35,59,15,43,3,6,0,0,0,49,17,42,28.8,Matches,33a1f72e
299,José Hurtado,ec ECU,DF,Bragantino,20,2001,6.6,1,0,0,8,4,1,33,5,11,0,1,0,31,11,11,50.0,Matches,cb067e96
300,Hyoran,br BRA,MF,Bragantino,28,1993,14.2,1,0,0,17,14,1,75,10,16,0,0,0,60,7,12,36.8,Matches,ffb88c28
301,Igor,br BRA,MFFW,Flamengo,18,2003,0.3,0,0,0,0,0,0,0,0,0,0,0,0,0,0,0,,Matches,fb19d550
302,André Inácio,br BRA,FW,Flamengo,19,2002,0.5,0,0,0,0,2,0,1,0,0,0,0,0,6,1,0,100.0,Matches,cc77d69c
303,Mauricio Isla,cl CHI,DF,Flamengo,33,1988,3.8,0,0,0,3,2,0,13,6,3,0,1,0,19,7,8,46.7,Matches,de4517dd
304,Jadsom,br BRA,MF,Bragantino,20,2001,14.1,7,0,0,27,9,0,3,34,18,0,0,0,98,6,7,46.2,Matches,92859e80
305,Jadson,br BRA,MF,Juventude,28,1993,29.1,9,1,0,39,50,1,31,24,46,0,0,0,181,7,18,28.0,Matches,05748af4
306,Jailson,br BRA,GK,América (MG),40,1981,12.0,1,0,0,0,0,0,0,0,0,0,0,0,9,0,0,,Matches,01f7b8c3
307,Jair,br BRA,MF,Atlético Mineiro,27,1994,23.0,5,0,0,46,31,0,12,32,41,0,1,0,127,33,22,60.0,Matches,f3466edc
308,Jandrei,br BRA,GK,São Paulo,28,1993,18.3,0,0,0,0,3,0,0,1,0,0,0,0,25,9,0,100.0,Matches,85ea4399
309,Vinícius Jaú,br BRA,MF,Avaí,23,1998,0.1,0,0,0,0,0,0,0,0,0,0,0,0,0,1,0,100.0,Matches,192d3898
310,Pablo Javier García,uy URU,FW,Coritiba,22,1999,0.1,0,0,0,0,0,0,0,0,1,0,0,0,1,0,0,,Matches,895321cd
311,Jean,br BRA,MF,Juventude,27,1994,13.1,6,0,0,24,15,1,5,39,30,0,0,0,69,27,24,52.9,Matches,69a34ec0
312,Jefferson,br BRA,DF,Atl Goianiense,25,1997,25.3,5,0,0,38,21,0,74,23,22,0,0,0,140,28,23,54.9,Matches,9df5f945
313,Jefferson,br BRA,FW,Botafogo (RJ),22,1999,17.8,3,0,0,23,34,1,12,12,16,0,0,0,111,10,17,37.0,Matches,45cce300
314,Jemerson,br BRA,DF,Atlético Mineiro,29,1992,11.1,6,0,0,21,6,1,0,10,8,0,0,0,46,19,13,59.4,Matches,7cab69b5
315,Jenison,br BRA,FW,Cuiabá,30,1991,3.6,2,0,0,8,3,1,3,2,1,0,0,0,15,18,11,62.1,Matches,767e6b7f
316,Alexandre Jesus,br BRA,MFDF,Fluminense,20,2001,0.7,0,0,0,1,1,0,5,5,0,0,0,0,10,2,5,28.6,Matches,25a323f3
317,Jô,br BRA,FW,Ceará,34,1987,8.7,1,1,0,14,10,8,2,2,1,0,0,0,15,39,22,63.9,Matches,e47d11f8
318,Jô,br BRA,FW,Corinthians,34,1987,2.2,1,0,0,4,5,1,1,1,1,0,0,0,4,13,8,61.9,Matches,e47d11f8
319,Joaquim,br BRA,DF,Cuiabá,23,1998,23.9,4,0,0,27,20,1,4,36,28,0,0,0,140,91,32,74.0,Matches,69e5e199
320,John,br BRA,GK,Santos,25,1996,1.0,0,0,0,0,2,0,0,0,0,0,0,0,0,0,0,,Matches,33a235af
321,Jonas,br BRA,MF,São Paulo,22,1999,0.3,0,0,0,1,1,0,2,1,0,0,0,0,1,0,0,,Matches,32794a5b
322,Felipe Jonatan,br BRA,DF,Santos,23,1998,23.0,3,0,0,25,21,2,95,34,17,0,0,0,156,23,28,45.1,Matches,0102ca7f
323,Jonathan,br BRA,DF,Botafogo (RJ),23,1998,0.5,0,0,0,1,0,0,0,1,1,0,0,0,2,1,4,20.0,Matches,f3f60814
324,Jorge,br BRA,DF,Palmeiras,25,1996,5.2,1,0,0,5,10,0,18,3,8,0,0,1,25,8,9,47.1,Matches,13c44fc5
325,Jorginho,br BRA,MF,Atl Goianiense,31,1991,18.2,8,0,0,17,30,6,67,6,18,0,0,0,107,27,24,52.9,Matches,1f809750
326,Jhojan Julio,ec ECU,FWMF,Santos,23,1998,9.2,2,0,0,22,21,5,21,9,13,0,0,0,49,12,18,40.0,Matches,b1fc89f5
327,Juninho,br BRA,MF,América (MG),35,1986,0.2,0,0,0,1,0,0,1,0,0,0,0,0,1,0,0,,Matches,2cc16e46
328,Juninho,br BRA,MF,América (MG),34,1987,34.5,6,0,0,33,36,3,29,31,28,1,1,0,231,22,63,25.9,Matches,7d10ca2e
329,Renato Junior,br BRA,FWMF,Goiás,19,2002,5.5,3,0,0,13,10,1,4,2,4,0,0,0,27,14,20,41.2,Matches,80b72720
330,Jussa,br BRA,MFDF,Fortaleza,25,1996,7.0,1,0,0,16,0,1,2,8,1,0,1,2,39,9,9,50.0,Matches,883f5dc8
331,Kaiky,br BRA,DF,Santos,18,2004,1.0,0,0,0,0,3,0,0,2,0,0,0,0,2,2,0,100.0,Matches,55634fb8
332,Lucas Kal,br BRA,MF,América (MG),25,1996,24.0,4,0,0,28,10,0,3,32,19,0,0,0,142,37,23,61.7,Matches,33ed689d
333,Kanu,br BRA,DF,Botafogo (RJ),24,1997,16.1,5,0,0,15,11,0,1,23,10,0,0,0,73,42,25,62.7,Matches,fefa9b9a
334,Alan Kardec,br BRA,FWMF,Atlético Mineiro,33,1989,2.9,0,0,0,6,4,0,0,0,1,0,0,0,7,14,12,53.8,Matches,e7fba767
335,Kauan,br BRA,FW,Bragantino,18,2003,0.3,1,0,0,4,0,0,0,0,0,0,0,0,1,1,1,50.0,Matches,34375e0b
336,Kawê,br BRA,MFFW,América (MG),19,2002,0.3,0,0,0,2,1,1,1,0,0,0,0,0,3,0,3,0.0,Matches,f1bca9ec
337,Kayque,br BRA,MF,Botafogo (RJ),21,2000,3.1,3,0,0,8,11,1,2,2,5,0,0,0,22,3,5,37.5,Matches,54b980d6
338,Renato Kayser,br BRA,FW,Fortaleza,25,1996,1.8,0,0,0,3,3,0,1,0,0,0,0,0,8,1,4,20.0,Matches,c7495dda
339,Gabriel Kazu,br BRA,MF,Avaí,22,1999,0.0,0,0,0,0,0,0,0,1,0,0,0,0,0,0,0,,Matches,42430d76
340,Keiller,br BRA,GK,Internacional,25,1996,15.0,2,0,0,1,6,0,0,0,0,0,1,0,5,8,0,100.0,Matches,e38fde76
341,Thalisson Kelven,br BRA,DF,Juventude,23,1998,20.0,3,0,0,17,7,0,0,31,13,0,0,1,64,40,39,50.6,Matches,18e87471
342,Kelvi,br BRA,MF,Juventude,19,2002,0.5,0,0,0,1,2,0,0,0,1,0,0,0,1,0,0,,Matches,33143d85
343,Kelvin,br BRA,MFFW,Atl Goianiense,24,1997,3.4,0,0,0,0,4,1,20,1,3,0,0,0,13,2,8,20.0,Matches,b8dab818
344,Kelvyn,br BRA,FWDF,Ceará,22,1999,0.6,0,0,0,2,0,0,2,0,1,0,0,0,3,0,0,,Matches,8b992778
345,John Kennedy,br BRA,FWMF,Fluminense,19,2002,1.6,3,0,0,5,1,0,1,1,0,0,0,0,1,3,8,27.3,Matches,132880e0
346,Keno,br BRA,FWMF,Atlético Mineiro,32,1989,20.6,5,0,0,21,30,7,101,3,20,0,0,0,77,13,11,54.2,Matches,98558c11
347,Kevin,br BRA,DF,Avaí,24,1997,29.2,3,0,0,34,20,3,184,37,40,0,0,0,185,32,25,56.1,Matches,1f07666f
348,Khellven,br BRA,DF,Atl Paranaense,20,2001,23.4,1,0,0,36,21,0,137,39,25,0,1,0,104,12,20,37.5,Matches,cf18ab1b
349,Willian Klaus,br BRA,DF,Atl Goianiense,28,1994,6.0,1,0,0,6,2,1,0,8,3,0,0,0,18,18,8,69.2,Matches,ddc86898
350,Willian Klaus,br BRA,DF,Botafogo (RJ),28,1994,1.0,1,0,0,0,0,0,0,0,0,0,0,0,2,2,0,100.0,Matches,ddc86898
351,Benjamín Kuscevic,cl CHI,DF,Palmeiras,25,1996,3.3,1,0,0,0,3,1,0,9,4,0,0,0,10,10,5,66.7,Matches,9edddc34
352,Gabriel Lacerda,br BRA,DF,Ceará,22,1999,20.0,4,0,0,14,3,0,6,21,14,0,1,0,91,49,31,61.3,Matches,0664b5a6
353,Anthony Landazuri,ec ECU,DF,Fortaleza,24,1997,5.8,1,0,0,15,6,0,5,8,4,1,0,0,30,6,9,40.0,Matches,b3a267f0
354,Thauan Lara,br BRA,DFFW,Internacional,18,2004,3.8,2,0,0,6,6,0,5,4,6,0,0,0,13,5,5,50.0,Matches,c4dba1f3
355,Lázaro,br BRA,FWMF,Flamengo,19,2002,9.1,2,0,0,17,17,3,23,3,7,0,0,0,33,11,16,40.7,Matches,86ff856b
356,Anderson Leite,br BRA,MF,Juventude,28,1993,0.8,0,0,0,3,1,0,1,4,1,0,0,0,5,1,0,100.0,Matches,9981c92d
357,Vinícius Leite,br BRA,MF,Avaí,28,1993,1.5,0,0,0,1,2,0,5,6,2,0,0,0,10,0,6,0.0,Matches,e991fbd7
358,Bernardo Lemes,br BRA,MFFW,Coritiba,20,2002,10.5,1,0,0,20,17,0,6,16,15,0,0,0,63,11,6,64.7,Matches,1ee9a3b6
359,Marcos Leonardo,br BRA,FW,Santos,18,2003,32.0,8,0,0,35,84,19,8,2,2,1,0,0,55,34,71,32.4,Matches,3f47ebce
360,Vitor Leque,br BRA,MFDF,Juventude,21,2001,0.6,2,1,1,2,3,1,1,0,0,0,0,0,1,1,1,50.0,Matches,6ba15719
361,Lima,br BRA,FWMF,Ceará,25,1996,21.5,2,1,0,26,54,3,61,18,23,0,0,0,116,10,27,27.0,Matches,d215c7de
362,Anderson Lima,br BRA,MFFW,São Paulo,22,1999,2.3,3,0,0,10,8,0,6,1,6,1,0,0,5,1,3,25.0,Matches,59be3a74
363,Lucas Lima,br BRA,DFMF,Atl Goianiense,21,2000,1.4,0,0,0,4,2,0,4,0,2,0,0,0,5,2,2,50.0,Matches,c4c45622
364,Lucas Lima,br BRA,MFFW,Fortaleza,31,1990,13.0,4,0,0,21,24,3,81,4,10,1,0,0,70,2,12,14.3,Matches,49d03337
365,Rodrigo Lindoso,br BRA,MF,Ceará,32,1989,9.6,6,0,0,12,13,0,4,7,7,0,0,0,50,18,10,64.3,Matches,7b013540
366,Liziero,br BRA,MF,Internacional,23,1998,5.6,3,0,0,15,10,0,7,7,12,0,0,0,39,1,5,16.7,Matches,318ecb8c
367,David Loiola,br BRA,DF,Ceará,19,2002,4.4,2,0,0,4,6,0,2,4,2,0,0,0,19,6,6,50.0,Matches,eddf365e
368,Marcelo Lomba,br BRA,GK,Palmeiras,35,1986,3.0,1,0,0,0,1,0,0,0,0,0,0,0,5,0,0,,Matches,e4835e3c
369,Kevin Lomónaco,ar ARG,DF,Bragantino,20,2002,12.4,3,0,0,14,9,1,7,9,6,0,0,0,86,14,25,35.9,Matches,dd5ddb83
370,José López,ar ARG,FW,Palmeiras,21,2000,6.1,3,0,0,7,6,7,3,1,2,0,0,0,15,17,22,43.6,Matches,e1426a52
371,Henrique Lordelo,br BRA,MFDF,Goiás,21,2000,1.4,2,1,1,9,1,0,0,2,4,0,0,0,13,2,1,66.7,Matches,b63394ba
372,Guillermo de los Santos,uy URU,DF,Coritiba,30,1991,10.5,2,1,0,5,5,0,4,17,12,0,0,0,52,28,17,62.2,Matches,1ac629b0
373,Luan,br BRA,MF,São Paulo,22,1999,1.8,1,0,0,1,0,0,0,3,1,0,0,0,14,3,0,100.0,Matches,12a226cf
374,Luan,br BRA,MF,Goiás,31,1990,0.5,1,0,0,1,0,0,1,0,1,0,0,0,7,0,0,,Matches,22fc8906
375,Lucão,br BRA,GK,Bragantino,20,2001,1.0,0,0,0,0,0,0,0,0,0,0,0,0,0,0,0,,Matches,ebb5a0df
376,Lucas,br BRA,DF,Santos,20,2001,16.2,2,1,0,16,9,1,143,13,22,0,0,0,98,9,12,42.9,Matches,5d68f5b2
377,Ayrton Lucas,br BRA,DF,Flamengo,24,1997,28.4,4,0,0,43,46,0,64,27,39,0,0,0,174,27,20,57.4,Matches,db90b737
378,João Lucas,br BRA,DFMF,Cuiabá,23,1998,23.8,8,1,1,38,27,2,84,33,46,0,2,0,113,19,30,38.8,Matches,289dc81e
379,Luciano,br BRA,FW,São Paulo,28,1993,22.6,9,0,0,24,34,10,5,7,9,1,0,0,70,19,21,47.5,Matches,24ce161c
380,André Luis,br BRA,FWMF,Cuiabá,24,1997,20.4,5,0,0,30,56,3,19,7,13,3,0,0,76,23,22,51.1,Matches,821097f7
381,Filipe Luís,br BRA,DF,Flamengo,36,1985,7.1,1,0,0,7,10,0,23,12,12,0,0,0,42,2,4,33.3,Matches,e4ed2628
382,Victor Luis,br BRA,DF,Ceará,28,1993,15.7,1,0,0,25,22,0,57,15,9,0,0,0,77,11,27,28.9,Matches,cc68c4d3
383,David Luiz,br BRA,DF,Flamengo,34,1987,15.8,4,0,0,25,5,2,6,13,4,0,0,0,67,27,12,69.2,Matches,c0e27d1a
384,Luizão,br BRA,DF,São Paulo,19,2002,11.0,5,0,0,11,4,0,1,10,10,0,0,0,41,21,19,52.5,Matches,fb02fba4
385,Vinícius Machado,br BRA,GK,Ceará,21,2000,2.0,0,0,0,0,0,0,0,0,0,0,0,0,0,0,0,,Matches,0d9b2e53
386,Mádson,br BRA,DF,Santos,30,1992,23.8,5,0,0,19,20,1,55,32,25,0,0,0,82,47,34,58.0,Matches,766094be
387,Maguinho,br BRA,DFMF,Goiás,29,1993,21.6,10,0,0,43,21,2,41,34,26,1,1,0,114,25,32,43.9,Matches,d1c855c5
388,Gustavo Maia,br BRA,FW,Internacional,21,2001,0.2,0,0,0,0,0,0,2,1,0,0,0,0,0,0,0,,Matches,b36fed1d
389,Leonardo Maia,br BRA,MF,Bragantino,18,2003,0.3,0,0,0,1,0,0,0,0,0,,,0,,,,,Matches,a6f491e2
390,Pablo Maia,br BRA,MF,São Paulo,20,2002,22.8,7,0,0,56,20,0,8,21,19,0,1,0,164,36,13,73.5,Matches,3a243771
391,Thiago Maia,br BRA,MF,Flamengo,24,1997,17.2,6,0,0,30,6,0,3,24,26,0,0,0,132,21,10,67.7,Matches,91e58f66
392,Maicon,br BRA,DF,Santos,33,1988,21.3,2,0,0,8,7,2,16,29,20,0,0,0,112,60,43,58.3,Matches,2a8683b9
393,Iago Maidana,br BRA,DF,América (MG),25,1996,11.5,5,1,1,20,2,0,0,8,6,0,0,0,36,34,17,66.7,Matches,e65a5924
394,Léo Mana,br BRA,DF,Corinthians,17,2004,0.5,0,0,0,0,0,0,1,3,0,0,0,0,0,1,0,100.0,Matches,d7a180bc
395,Alef Manga,br BRA,FWMF,Coritiba,27,1994,27.0,13,1,1,31,20,24,87,15,23,0,0,0,116,24,27,47.1,Matches,559782c4
396,Manoel,br BRA,DF,Fluminense,31,1990,27.2,5,2,1,22,21,0,5,22,12,0,1,0,100,29,46,38.7,Matches,12748e35
397,Gustavo Mantuan,br BRA,FWDF,Corinthians,20,2001,9.6,0,0,0,8,11,3,24,7,7,0,0,0,41,9,7,56.3,Matches,0d717632
398,Luis Manuel Orejuela,co COL,DF,Atl Paranaense,26,1995,13.0,1,0,0,17,19,0,37,10,14,0,0,0,68,19,17,52.8,Matches,e6a6379d
399,Maranhão,br BRA,FW,Botafogo (RJ),19,2002,1.0,1,0,0,2,1,0,2,0,1,,,0,,,,,Matches,617f236c
400,Willian Maranhão,br BRA,MFDF,Atl Goianiense,26,1995,14.8,7,1,0,24,10,1,3,22,12,0,1,0,76,12,21,36.4,Matches,f1d95c74
401,Willian Maranhão,br BRA,MF,Santos,26,1995,1.8,0,0,0,2,0,1,0,1,3,0,0,0,6,2,2,50.0,Matches,f1d95c74
402,Fernando Marçal,br BRA,DF,Botafogo (RJ),32,1989,17.1,6,0,0,26,18,0,124,34,21,0,0,0,119,30,14,68.2,Matches,9ae9eaea
403,Marcelo,br BRA,DF,Fortaleza,26,1996,29.0,5,0,0,23,19,0,4,52,20,0,2,0,144,94,42,69.1,Matches,300b455d
404,Marcinho,br BRA,FWMF,Avaí,26,1995,5.8,1,0,0,13,11,1,14,1,9,0,1,0,18,3,9,25.0,Matches,5465c7f9
405,Mariano,br BRA,DF,Atlético Mineiro,35,1986,19.2,5,0,0,19,13,1,78,23,30,0,0,0,133,15,17,46.9,Matches,e26f559f
406,Marinho,br BRA,FW,Flamengo,31,1990,15.3,6,1,0,21,72,6,94,7,12,2,0,0,60,3,9,25.0,Matches,c077c735
407,Rodriguinho Marinho,br BRA,FWMF,Cuiabá,33,1988,16.5,0,0,0,15,23,6,8,4,6,0,0,0,72,28,42,40.0,Matches,0e335a47
408,Marlon,br BRA,DF,América (MG),27,1994,24.3,5,1,0,34,31,0,71,44,37,0,0,0,168,29,20,59.2,Matches,a87b508e
409,Marlon,br BRA,DF,Fluminense,24,1997,3.0,0,0,0,6,1,0,15,5,4,0,0,0,15,2,0,100.0,Matches,63969d01
410,Marlon,br BRA,MFFW,Juventude,31,1990,4.5,1,0,0,13,6,0,10,6,2,0,0,0,23,2,4,33.3,Matches,455c6130
411,Marlos,ua UKR,MFFW,Atl Paranaense,33,1988,1.7,0,0,0,1,2,0,4,0,0,0,0,0,7,1,2,33.3,Matches,9139bb12
412,Felipe Marques,br BRA,FWMF,Cuiabá,32,1990,10.6,1,0,0,11,19,4,38,13,7,1,0,0,39,7,15,31.8,Matches,30139a1c
413,Gustavo Marques,br BRA,DF,América (MG),20,2001,0.5,0,0,0,1,0,0,0,0,0,0,0,0,3,1,0,100.0,Matches,b4fce835
414,Marquinhos,br BRA,MF,São Paulo,18,2003,0.3,0,0,0,0,0,0,1,0,1,0,0,0,1,0,0,,Matches,59878425
415,Marquinhos,br BRA,FWMF,Cuiabá,25,1997,2.2,0,0,0,3,10,0,4,3,5,0,0,0,19,1,2,33.3,Matches,a9c95220
416,Marrony,br BRA,FWMF,Fluminense,22,1999,2.0,1,1,0,4,11,0,5,1,3,0,0,0,15,5,6,45.5,Matches,1dff86ec
417,Matheus Martinelli,br BRA,MF,Fluminense,20,2001,18.0,1,0,0,23,8,0,13,14,26,0,0,0,96,20,23,46.5,Matches,2b124c8c
418,Adrián Martínez,ar ARG,FWMF,Coritiba,29,1992,11.1,7,0,0,22,9,6,4,4,5,0,0,0,18,18,41,30.5,Matches,6c513f98
419,Matheus Martins,br BRA,FWMF,Fluminense,18,2003,17.8,2,0,0,20,43,14,52,10,15,2,0,0,65,6,28,17.6,Matches,73fd2787
420,Wellington Martins,br BRA,MF,Fluminense,31,1991,7.0,2,0,0,9,5,0,3,7,3,0,0,0,29,2,3,40.0,Matches,0430d656
421,Gonzalo Mastriani,uy URU,FW,América (MG),28,1993,5.2,1,0,0,9,7,1,1,0,2,1,0,0,15,9,24,27.3,Matches,b4339e2b
422,Mateusão,br BRA,FWMF,Flamengo,17,2004,2.5,1,0,0,2,4,1,2,0,0,1,0,0,5,8,8,50.0,Matches,78bee906
423,William Matheus,br BRA,DF,Juventude,31,1990,10.1,4,1,0,14,6,0,16,5,6,0,2,0,39,18,12,60.0,Matches,3498ddf4
424,Matheusinho,br BRA,MFFW,América (MG),23,1998,15.3,2,1,0,18,33,3,46,17,16,0,0,0,110,6,13,31.6,Matches,74f5a96d
425,Matheuzinho,br BRA,DF,Flamengo,21,2000,23.9,4,0,0,24,13,0,71,26,38,0,1,0,119,22,16,57.9,Matches,2a5bc0cd
426,Diego Matos,br BRA,DF,Avaí,25,1997,1.2,2,1,1,2,0,0,2,2,3,0,0,0,7,2,1,66.7,Matches,4b799458
427,Mauricio,br BRA,FWMF,Internacional,20,2001,17.4,2,0,0,7,30,2,43,16,8,0,0,0,84,7,21,25.0,Matches,bf4cbc22
428,Maycon,br BRA,MF,Corinthians,24,1997,8.8,4,0,0,11,6,0,35,11,3,0,0,0,45,2,7,22.2,Matches,005ca692
429,Mayke,br BRA,DFFW,Palmeiras,29,1992,16.3,2,0,0,17,11,3,57,30,20,0,0,0,98,28,18,60.9,Matches,47431289
430,Bruno Melo,br BRA,DFMF,Corinthians,29,1992,4.9,1,0,0,6,5,3,10,3,3,0,0,0,14,21,10,67.7,Matches,41ee21ae
431,Felipe Melo,br BRA,DFMF,Fluminense,38,1983,8.1,6,0,0,14,14,0,0,11,5,0,0,0,34,11,9,55.0,Matches,b14d84d3
432,Darlan Mendes,br BRA,MFFW,Juventude,23,1998,1.3,1,0,0,1,2,0,2,1,1,0,0,0,8,0,1,0.0,Matches,a86f0d7b
433,Nathan Mendes,br BRA,DF,Coritiba,19,2002,5.0,1,1,0,8,12,0,5,6,6,0,0,0,29,10,6,62.5,Matches,c5aa7b35
434,Vitor Mendes,br BRA,DF,Juventude,22,1999,18.3,10,1,1,16,15,0,0,28,9,0,1,1,71,37,26,58.7,Matches,3cdbeab9
435,Bruno Méndez,uy URU,DF,Internacional,22,1999,4.8,1,0,0,3,1,0,1,6,3,0,0,0,22,11,10,52.4,Matches,66017b9d
436,Bruno Méndez,uy URU,DF,Corinthians,22,1999,12.6,1,1,0,9,5,1,11,18,19,0,0,0,47,29,20,59.2,Matches,66017b9d
437,Stiven Mendoza,co COL,FW,Ceará,29,1992,25.9,6,0,0,27,54,13,53,4,9,0,0,0,107,21,24,46.7,Matches,e68f2cb4
438,Ramon Menezes Roma,br BRA,DF,Atl Goianiense,26,1995,14.0,2,0,0,10,0,0,0,15,3,0,0,0,66,46,25,64.8,Matches,eab48ffb
439,Gabriel Menino,br BRA,MF,Palmeiras,21,2000,10.2,3,1,0,13,19,1,39,12,16,0,0,0,64,17,14,54.8,Matches,01819e70
440,Gabriel Mercado,ar ARG,DF,Internacional,34,1987,23.6,9,1,1,23,19,2,4,30,21,1,0,0,91,38,35,52.1,Matches,bf97c188
441,John Mercado,ec ECU,FW,Atl Paranaense,19,2002,0.0,0,0,0,0,0,0,1,0,0,0,0,0,1,0,0,,Matches,d97831ad
442,Miguel Merentiel,uy URU,FWMF,Palmeiras,25,1996,2.6,0,0,0,2,1,1,1,0,0,0,0,0,4,1,6,14.3,Matches,307224a2
443,Messias,br BRA,DF,Ceará,27,1994,23.0,4,0,0,23,7,0,1,23,8,0,1,0,69,75,14,84.3,Matches,70bb3170
444,Lucas Mezenga,br BRA,DF,Botafogo (RJ),20,2001,3.1,1,0,0,5,1,1,0,8,4,0,1,0,21,11,4,73.3,Matches,d62f5849
445,Michel,br BRA,DF,Ceará,31,1990,11.8,2,0,0,12,14,1,34,15,8,0,0,0,57,20,10,66.7,Matches,05384ea1
446,Carlos Miguel,br BRA,GK,Corinthians,23,1998,2.0,0,0,0,0,0,0,0,0,0,0,0,0,0,0,0,,Matches,84454067
447,Fernando Miguel,br BRA,GK,Fortaleza,36,1985,20.0,2,0,0,0,4,0,0,0,0,0,0,0,11,4,0,100.0,Matches,f1f06658
448,Miranda,br BRA,DF,São Paulo,37,1984,12.8,4,0,0,14,9,0,0,13,15,0,0,0,63,21,25,45.7,Matches,314f2124
449,Paulo Miranda,br BRA,DF,Juventude,33,1988,16.4,4,0,0,18,7,0,0,22,4,0,3,1,63,52,28,65.0,Matches,93a194e1
450,Paulinho Moccelin,br BRA,MFFW,Juventude,27,1994,4.3,2,2,0,14,8,2,14,4,7,0,0,0,25,4,11,26.7,Matches,d63fb6a8
451,Moisés,br BRA,DF,Internacional,26,1995,6.5,5,0,0,9,8,1,15,6,8,0,0,0,42,9,4,69.2,Matches,a40af810
452,Moises,br BRA,FWMF,Fortaleza,25,1996,25.0,0,0,0,10,22,5,27,10,12,0,0,0,77,16,34,32.0,Matches,ddd07a25
453,Rodrigo Moledo,br BRA,DF,Internacional,34,1987,13.5,3,0,0,10,13,1,0,23,16,1,0,0,53,46,23,66.7,Matches,ce536c37
454,Jacob Montes,us USA,MF,Botafogo (RJ),23,1998,1.0,0,0,0,0,1,0,0,1,1,0,0,0,3,0,0,,Matches,69678c84
455,Moraes,br BRA,DFMF,Juventude,24,1997,15.2,4,0,0,12,15,3,53,31,19,0,0,0,103,14,18,43.8,Matches,9b974a99
456,Airton Moraes,br BRA,GK,América (MG),27,1994,1.0,0,0,0,0,0,0,0,0,0,0,0,0,1,0,0,,Matches,5e8682b0
457,Júnior Moraes,ua UKR,FW,Corinthians,34,1987,4.5,1,0,0,10,5,0,2,2,4,0,0,0,10,6,9,40.0,Matches,c43e5e7e
458,Wesley Moraes,br BRA,FW,Internacional,25,1996,3.3,1,0,0,6,6,3,0,0,0,0,0,0,7,7,9,43.8,Matches,bfae110f
459,Morato,br BRA,FWMF,Avaí,29,1992,7.3,0,1,0,17,19,3,5,2,9,0,0,0,27,2,14,12.5,Matches,96b49b3b
460,João Moreira,pt POR,DF,São Paulo,17,2004,3.2,1,0,0,6,5,0,8,6,2,0,1,0,18,4,1,80.0,Matches,b3be99e3
461,Lucas Moreira,br BRA,MFFW,Cuiabá,21,2000,1.4,0,0,0,4,0,0,3,1,1,0,0,0,8,0,1,0.0,Matches,b9d412ff
462,Gustavo Mosquito,br BRA,FWMF,Corinthians,24,1997,12.6,1,0,0,9,26,1,51,4,4,0,0,0,55,3,14,17.6,Matches,c9ed46c4
463,Hugo Moura,br BRA,MF,Atl Paranaense,24,1998,19.4,5,1,0,31,20,1,8,43,23,0,2,0,128,18,13,58.1,Matches,14100165
464,Alex Muralha,br BRA,GK,Coritiba,32,1989,19.0,1,0,0,0,4,0,0,0,0,0,0,0,17,7,2,77.8,Matches,38082f12
465,Muriqui,br BRA,FWMF,Avaí,35,1986,14.3,2,0,0,15,30,6,12,10,6,1,0,0,44,12,21,36.4,Matches,a55ac46c
466,Andrey Ramos do Nascimento,br BRA,MF,Coritiba,23,1998,5.4,1,0,0,11,12,0,8,7,11,1,0,0,35,3,4,42.9,Matches,eb55ab5a
467,Matheus Nascimento,br BRA,FWMF,Botafogo (RJ),17,2004,6.8,1,0,0,11,11,1,1,1,4,1,0,0,13,17,30,36.2,Matches,e744c3de
468,Natan,br BRA,DF,Bragantino,20,2001,32.0,5,0,0,19,19,1,9,32,25,0,1,0,126,61,53,53.5,Matches,94bccc82
469,Natanael,br BRA,DF,Coritiba,20,2002,16.0,3,0,0,23,25,0,43,22,27,0,0,0,85,11,16,40.7,Matches,0b618504
470,Natanael,br BRA,DFFW,Avaí,31,1990,13.4,0,0,0,16,13,2,106,12,19,0,0,0,70,8,8,50.0,Matches,ed560575
471,Léo Natel,br BRA,FW,Corinthians,24,1997,0.3,0,0,0,0,1,0,2,0,0,0,0,0,2,0,1,0.0,Matches,cd8d04a2
472,Nathan,br BRA,DF,Santos,20,2001,6.9,1,1,0,11,6,0,9,9,7,0,1,0,43,7,12,36.8,Matches,9fb6420e
473,Nathan,br BRA,MF,Goiás,20,2001,0.0,0,0,0,0,0,0,0,0,0,0,0,0,0,0,0,,Matches,eb61284b
474,Nathan,br BRA,MFFW,Fluminense,25,1996,10.7,3,0,0,16,10,1,57,11,12,0,0,0,31,12,13,48.0,Matches,fa00f0c9
475,Nathan,br BRA,FWMF,Avaí,22,1999,1.1,0,0,0,1,0,0,0,0,3,0,0,0,6,5,6,45.5,Matches,e0d5a5e9
476,Rafael Navarro,br BRA,FWMF,Palmeiras,21,2000,8.0,0,0,0,35,12,6,6,0,9,0,0,0,24,18,46,28.1,Matches,4b5ab509
477,Kaiky Naves,br BRA,DFMF,Palmeiras,19,2002,0.4,0,0,0,3,0,0,0,1,0,0,0,0,3,0,2,0.0,Matches,621576f9
478,Bruno Nazário,br BRA,MF,Juventude,26,1995,6.5,4,0,0,11,13,0,46,1,6,0,0,0,21,3,22,12.0,Matches,dc1d79a5
479,Neílton,br BRA,FWDF,Coritiba,27,1994,0.9,1,0,0,1,2,0,4,1,1,0,0,0,3,0,0,,Matches,689299a6
480,Gabriel Neris,br BRA,MF,Juventude,20,2001,2.4,2,0,0,7,6,0,2,4,1,0,0,0,10,4,5,44.4,Matches,54fe5551
481,Gustavo Nescau,br BRA,FW,Cuiabá,21,2000,0.3,1,0,0,0,0,0,0,0,0,0,0,0,1,2,4,33.3,Matches,0682693b
482,Rodrigo Nestor,br BRA,MF,São Paulo,21,2000,23.6,7,0,0,40,16,2,87,26,19,0,0,0,124,11,18,37.9,Matches,c04ebe99
483,Gabriel Neves,uy URU,MF,São Paulo,24,1997,6.3,4,0,0,11,1,0,0,9,11,0,0,0,47,4,5,44.4,Matches,2a03fb5f
484,Nicolas,br BRA,FWMF,Goiás,32,1989,11.1,0,0,0,25,23,10,2,4,3,0,0,0,31,77,71,52.0,Matches,0e74a520
485,Nikão,br BRA,FWMF,São Paulo,29,1992,5.8,2,0,0,2,12,3,36,1,1,0,0,0,11,2,5,28.6,Matches,a34bb194
486,Nino,br BRA,DF,Fluminense,24,1997,27.9,4,0,0,29,40,2,1,31,21,0,1,0,138,61,35,63.5,Matches,d4fa2207
487,Gabriel Noga,br BRA,DF,Atl Goianiense,20,2002,0.0,0,0,0,0,0,0,0,0,0,,,0,,,,,Matches,aa306af5
488,Ygor Nogueira,br BRA,DF,Juventude,26,1995,5.0,1,0,0,3,3,0,0,9,5,0,1,0,23,10,6,62.5,Matches,38466ef3
489,Nonato,br BRA,MF,Fluminense,23,1998,12.1,3,1,0,16,33,1,38,12,14,0,0,0,65,13,17,43.3,Matches,b91a6912
490,Nonoca,br BRA,MF,Avaí,23,1998,11.5,5,0,0,24,26,0,1,8,14,0,1,0,94,12,10,54.5,Matches,06c062d4
491,Gabriel Novaes,br BRA,FWMF,Bragantino,22,1999,4.3,2,0,0,7,11,2,2,2,2,1,0,0,12,6,5,54.5,Matches,297a324a
492,Thales Oleques,br BRA,DF,Avaí,27,1994,6.2,1,0,0,1,0,0,21,4,6,0,0,0,25,6,8,42.9,Matches,a30f8286
493,Bruno Oliveira,br BRA,MFFW,Santos,23,1998,5.0,2,0,0,6,18,0,33,2,4,0,0,0,35,0,5,0.0,Matches,d46904eb
494,Yuri Oliveira Lima,br BRA,MF,Juventude,27,1994,16.8,6,1,0,42,13,0,6,20,15,0,0,0,73,14,19,42.4,Matches,bcf3d64e
495,Pedro Oliveira,br BRA,MFFW,Goiás,17,2004,3.3,1,0,0,4,6,1,10,2,7,0,0,0,20,1,9,10.0,Matches,089b56d8
496,Leo Ortiz,br BRA,DF,Bragantino,26,1996,21.4,4,0,0,14,8,1,13,27,11,0,0,0,132,45,20,69.2,Matches,53834fa2
497,Kelvin Osorio,co COL,MFDF,Cuiabá,28,1993,10.5,2,0,0,19,5,2,71,8,14,0,1,0,47,22,14,61.1,Matches,1247ace9
498,Otávio,br BRA,MF,Atlético Mineiro,27,1994,12.9,2,0,0,26,6,0,5,12,19,0,0,0,93,8,8,50.0,Matches,243f4a0b
499,Luiz Otávio,br BRA,DF,Ceará,33,1988,21.2,8,1,0,21,11,1,1,48,21,1,3,0,75,73,39,65.2,Matches,ed976dd9
500,Rómulo Otero,ve VEN,MFFW,Fortaleza,29,1992,2.6,0,0,0,5,11,1,30,0,1,0,0,0,10,2,7,22.2,Matches,96fdc3c0
501,Luis Oyama,br BRA,MF,Botafogo (RJ),25,1997,12.0,1,0,0,21,21,0,1,17,17,0,0,0,86,9,7,56.3,Matches,ed0c094b
502,Pablo,br BRA,FW,Atl Paranaense,29,1992,16.6,6,0,0,40,18,14,5,11,10,0,0,0,51,53,59,47.3,Matches,1ad394c5
503,Pablo,br BRA,DF,Flamengo,30,1991,21.6,5,0,0,30,5,1,1,34,18,0,0,0,129,57,22,72.2,Matches,29d8ad3f
504,Juan Pablo,br BRA,DFMF,Goiás,19,2002,1.9,0,0,0,6,0,0,2,2,2,0,0,0,10,3,2,60.0,Matches,f40465af
505,Juan Pablo Ramírez,co COL,MFFW,América (MG),24,1997,4.5,3,0,0,11,12,1,8,4,3,0,0,0,32,4,7,36.4,Matches,20a17a29
506,Bruno Pacheco,br BRA,DF,Ceará,30,1991,26.1,5,1,0,40,49,3,66,28,33,,,0,,,,,Matches,9b7976e6
507,Igor Paixão,br BRA,FWMF,Coritiba,21,2000,17.2,3,0,0,10,43,0,83,15,9,0,0,0,66,19,24,44.2,Matches,089c7323
508,Pará,br BRA,MF,Juventude,19,2002,0.9,1,0,0,2,0,0,0,1,1,0,0,0,6,0,1,0.0,Matches,5b1cd0cc
509,Nino Paraíba,br BRA,DF,Ceará,36,1986,24.6,11,0,0,34,45,1,174,36,22,1,0,0,122,36,35,50.7,Matches,403ef062
510,Guilherme Parede,br BRA,FWMF,Juventude,26,1995,6.6,3,0,0,8,5,1,28,3,2,,,0,,,,,Matches,2da1c94c
511,Weslley Patati,br BRA,FW,Santos,18,2003,0.2,0,0,0,0,1,0,0,0,0,,,0,,,,,Matches,0df16cd7
512,Patrick,br BRA,MFFW,São Paulo,29,1992,21.8,6,0,0,30,38,3,62,13,36,0,0,0,114,31,46,40.3,Matches,92add14e
513,Alan Patrick,br BRA,MFFW,Internacional,30,1991,17.5,3,0,0,21,41,1,56,6,3,0,0,0,106,8,15,34.8,Matches,00672021
514,Luan Patrick,br BRA,DF,América (MG),20,2002,9.0,3,0,0,7,3,0,12,12,6,0,0,0,46,7,7,50.0,Matches,dd5d1c85
515,Patryck,br BRA,DF,São Paulo,19,2003,0.3,0,0,0,0,0,0,0,0,1,0,0,0,3,0,0,,Matches,8dcbd7af
516,Giuliano de Paula,br BRA,MF,Corinthians,31,1990,18.4,2,0,0,15,15,2,18,10,13,0,0,0,102,8,17,32.0,Matches,ab1b205d
517,Patrick de Paula,br BRA,MF,Botafogo (RJ),22,1999,11.3,4,0,0,12,25,0,14,17,7,0,1,0,71,11,12,47.8,Matches,9f12fbb7
518,Paulão,br BRA,DF,Cuiabá,35,1986,8.0,2,1,1,7,1,0,3,8,1,0,1,1,20,28,7,80.0,Matches,20587790
519,Paulinho,br BRA,FWMF,América (MG),23,1998,3.2,0,0,0,6,11,4,12,0,1,1,0,0,9,0,5,0.0,Matches,bc486f0e
520,Paulinho,br BRA,MF,Corinthians,33,1988,1.8,0,0,0,2,1,0,0,0,0,0,0,0,11,5,9,35.7,Matches,bb7337cc
521,Caio Paulista,br BRA,DF,Fluminense,23,1998,17.9,3,1,0,10,24,2,42,11,19,0,0,0,100,10,16,38.5,Matches,701bb051
522,Wellington Paulista,br BRA,FW,América (MG),37,1984,5.7,2,0,0,12,7,4,3,0,0,0,0,0,15,10,12,45.5,Matches,f2eece5b
523,João Paulo,br BRA,DF,América (MG),35,1986,3.9,0,0,0,2,0,0,21,7,5,0,0,0,21,6,6,50.0,Matches,ce208556
524,João Paulo,br BRA,GK,Santos,26,1995,37.0,5,0,0,0,7,0,0,2,2,0,0,0,41,8,2,80.0,Matches,d0102ca0
525,Marcos Paulo,br BRA,DF,Flamengo,19,2003,0.3,1,0,0,2,0,0,0,2,2,0,0,0,3,0,0,,Matches,4dd6bb79
526,Cristian Pavón,ar ARG,FWMF,Atlético Mineiro,26,1996,7.7,2,0,0,11,9,1,31,3,7,0,0,0,52,5,13,27.8,Matches,a664b026
527,Pedrinho,br BRA,FWMF,América (MG),22,1999,10.8,3,0,0,19,10,4,26,8,6,0,0,0,60,3,7,30.0,Matches,035341ba
528,Pedrinho,br BRA,DFFW,Atl Paranaense,19,2002,15.4,4,0,0,19,8,1,49,27,13,0,0,0,84,12,12,50.0,Matches,64aadf6b
529,Pedrinho,br BRA,MFFW,Atlético Mineiro,23,1998,2.5,0,0,0,1,6,0,7,3,3,0,0,0,19,3,3,50.0,Matches,6796e284
530,Pedrinho,br BRA,FW,Flamengo,18,2003,0.1,0,0,0,0,0,0,0,0,0,0,0,0,0,0,1,0.0,Matches,118d25ee
531,Pedro,br BRA,FW,Flamengo,24,1997,13.0,3,0,0,18,15,4,3,3,3,1,0,0,25,29,16,64.4,Matches,1ab6fad3
532,João Pedro,br BRA,DFFW,Corinthians,25,1996,1.3,1,0,0,1,0,0,0,1,0,0,0,0,4,2,0,100.0,Matches,31d1ed52
533,João Pedro Pepê,br BRA,MF,Cuiabá,24,1998,25.8,4,0,0,40,44,0,73,17,34,0,0,0,153,26,29,47.3,Matches,d75471eb
534,Peglow,br BRA,FWMF,Atl Goianiense,20,2002,2.6,1,0,0,2,5,1,14,4,4,0,0,0,14,3,3,50.0,Matches,8a861bc5
535,Pegorari,br BRA,GK,Juventude,30,1991,12.7,3,0,0,0,2,0,0,0,0,0,0,0,11,3,0,100.0,Matches,2ad9d2e3
536,Matheus Peixoto,br BRA,FW,Ceará,26,1995,5.2,0,0,0,7,10,4,1,2,3,0,0,0,9,19,33,36.5,Matches,05160796
537,Douglas Pelé,br BRA,FWDF,Goiás,22,1999,1.0,0,0,0,0,2,0,3,1,2,0,0,0,3,0,4,0.0,Matches,7c6ac38f
538,Léo Pelé,br BRA,DF,São Paulo,25,1996,27.6,4,1,0,25,11,0,9,15,15,0,1,0,118,40,34,54.1,Matches,77980eb9
539,Carlos de Pena,uy URU,MFFW,Internacional,29,1992,29.3,6,0,0,29,24,0,177,54,26,0,0,0,202,31,31,50.0,Matches,6b915aa1
540,Andreas Pereira,br BRA,MF,Flamengo,26,1996,8.8,2,0,0,14,8,1,51,4,5,0,0,0,44,9,8,52.9,Matches,6639e500
541,Egídio Pereira Júnior,br BRA,DFMF,Coritiba,35,1986,14.0,1,1,0,14,18,2,117,20,13,0,1,0,98,11,8,57.9,Matches,6c5b3d31
542,Léo Pereira,br BRA,DF,Flamengo,26,1996,12.4,4,0,0,16,8,2,6,11,9,0,1,0,68,24,10,70.6,Matches,bd247251
543,Hernán Pérez,py PAR,FW,Coritiba,32,1989,1.1,1,0,0,5,2,0,4,0,0,0,0,0,4,2,3,40.0,Matches,e1cea3f7
544,Lucas Perri,br BRA,GK,Botafogo (RJ),24,1997,3.8,1,0,0,0,0,0,0,0,0,0,0,0,1,5,0,100.0,Matches,5dbd461a
545,Petterson,br BRA,FWMF,Flamengo,18,2004,0.3,0,0,0,1,0,0,1,0,0,0,0,0,1,0,1,0.0,Matches,9943597e
546,Yan Phillipe,br BRA,FW,Atlético Mineiro,17,2004,0.2,0,0,0,0,3,0,1,0,0,0,0,0,2,0,0,,Matches,03d01a35
547,Del Piage,br BRA,MF,Botafogo (RJ),21,2000,5.7,3,0,0,16,14,0,5,7,13,1,0,0,27,6,5,54.5,Matches,679ca46d
548,Lucas Piazon,br BRA,FWMF,Botafogo (RJ),28,1994,8.3,2,0,0,7,6,1,23,2,9,0,0,0,41,10,19,34.5,Matches,f201798c
549,Yago Pikachu,br BRA,DFMF,Fortaleza,29,1992,13.4,3,0,0,12,30,2,48,5,9,0,0,0,82,4,14,22.2,Matches,462f1e13
550,Mario Pineida,ec ECU,DF,Fluminense,29,1992,3.7,0,0,0,7,6,0,9,2,2,0,0,0,12,5,1,83.3,Matches,2990a468
551,Joaquín Piquerez,uy URU,DF,Palmeiras,23,1998,24.7,5,0,0,22,22,0,54,38,36,0,1,0,166,18,18,50.0,Matches,46009f44
552,Gabriel Pirani,br BRA,FWMF,Santos,19,2002,0.5,0,0,0,3,1,0,2,0,0,0,0,0,2,0,0,,Matches,17205abf
553,Gabriel Pirani,br BRA,MFFW,Cuiabá,19,2002,4.9,1,0,0,6,4,1,14,2,3,0,0,0,23,1,1,50.0,Matches,17205abf
554,Felipe Pires,br BRA,MFFW,Juventude,26,1995,7.4,5,0,0,14,16,3,9,0,1,0,0,0,23,2,4,33.3,Matches,2cd3d3ce
555,Rafael Pires,br BRA,GK,Atlético Mineiro,32,1989,1.0,0,0,0,0,0,0,0,0,0,0,0,0,2,0,0,,Matches,539f6761
556,Lucas Piton,br BRA,DFFW,Corinthians,21,2000,19.7,2,0,0,40,10,1,86,32,23,0,0,0,92,23,27,46.0,Matches,defce7f1
557,Isidro Pitta,py PAR,FW,Juventude,22,1999,26.8,2,0,0,27,51,18,31,4,6,0,0,0,51,35,59,37.2,Matches,e9fc7295
558,Luan Polli,br BRA,GK,Atl Goianiense,28,1993,2.0,0,0,0,0,1,0,0,0,0,0,0,0,1,2,0,100.0,Matches,96aa89c4
559,Diego Porfirio,br BRA,DF,Coritiba,22,1999,5.0,4,1,1,3,6,1,11,5,6,0,0,0,23,4,8,33.3,Matches,8512d219
560,William Pottker,br BRA,FWMF,Avaí,28,1993,21.9,6,0,0,23,50,12,55,17,11,4,1,0,117,26,49,34.7,Matches,214a16c5
561,Bruno Praxedes,br BRA,MF,Bragantino,19,2002,6.5,3,0,0,13,19,2,13,4,3,0,0,0,40,2,10,16.7,Matches,5dd520a8
562,Erick Pulgar,cl CHI,MF,Flamengo,28,1994,3.9,1,0,0,11,2,0,9,3,3,0,0,0,23,11,5,68.8,Matches,4611e028
563,Jean Pyerre,br BRA,MF,Avaí,23,1998,8.4,2,0,0,4,13,1,26,7,4,0,0,0,51,7,7,50.0,Matches,b41dc073
564,Du Queiroz,br BRA,MF,Corinthians,22,2000,28.9,4,0,0,49,11,1,26,33,29,0,0,0,159,13,18,41.9,Matches,8440b0cb
565,Igor Rabello,br BRA,DF,Atlético Mineiro,26,1995,6.7,1,0,0,7,3,0,0,14,5,0,0,0,27,21,11,65.6,Matches,48048864
566,Rafael,br BRA,DF,Botafogo (RJ),31,1990,3.1,1,0,0,7,3,0,9,9,7,0,0,0,10,1,4,20.0,Matches,9a1f2e1c
567,Caio Rafael,br BRA,FW,Ceará,17,2004,0.4,0,0,0,0,0,0,0,0,0,0,0,0,1,0,1,0.0,Matches,b7cda839
568,Léo Rafael,br BRA,FWMF,Ceará,20,2001,1.0,0,0,0,0,0,0,3,0,0,0,0,0,1,0,1,0.0,Matches,ef1df474
569,Zé Rafael,br BRA,MF,Palmeiras,28,1993,28.5,12,1,1,50,64,1,13,27,30,0,0,0,227,34,18,65.4,Matches,634b1413
570,Rafinha,br BRA,DF,São Paulo,36,1985,28.5,7,1,1,30,21,0,30,32,34,0,0,0,143,18,19,48.6,Matches,d003e213
571,Eric Ramires,br BRA,MFFW,Bragantino,21,2000,12.9,1,2,0,18,11,0,13,4,16,1,1,0,86,5,21,19.2,Matches,37faa4cb
572,Lucas Ramires,br BRA,DF,Juventude,19,2002,0.3,1,0,0,1,0,0,0,0,0,0,1,0,0,1,0,100.0,Matches,32395c13
573,Ramon,br BRA,DF,Bragantino,20,2001,8.0,3,1,0,14,7,0,32,11,10,0,0,0,57,8,11,42.1,Matches,fdf88bc0
574,Lucas Ramos,br BRA,MFFW,Internacional,21,2001,0.9,1,0,0,1,4,0,1,2,0,0,0,0,6,1,1,50.0,Matches,c0163100
575,Rafael Ramos,pt POR,DF,Corinthians,27,1995,14.5,3,0,0,21,15,0,36,19,23,0,0,0,81,8,24,25.0,Matches,f8ddf51c
576,Raniele,br BRA,MFDF,Avaí,25,1996,31.3,9,0,0,38,87,0,13,39,33,3,0,0,139,71,56,55.9,Matches,a025365f
577,Wellington Rato,br BRA,FWMF,Atl Goianiense,29,1992,30.9,3,0,0,31,51,5,115,10,22,0,0,0,154,18,27,40.0,Matches,598917cf
578,Raul,br BRA,MF,Bragantino,25,1996,27.5,3,0,0,36,50,0,9,48,42,0,1,0,183,20,22,47.6,Matches,c2f9cf65
579,Pedro Raul,br BRA,FW,Goiás,25,1996,30.5,8,0,0,49,32,20,7,4,9,0,0,0,61,98,135,42.1,Matches,ed074559
580,Leonardo Realpe,ec ECU,DF,Bragantino,20,2001,7.4,3,0,0,6,2,0,2,15,3,0,0,0,51,11,11,50.0,Matches,57701cbd
581,Rafinha Rech,br BRA,FWMF,Juventude,19,2002,4.2,0,0,0,3,1,0,5,4,2,0,0,0,14,6,5,54.5,Matches,a8f19786
582,Régis,br BRA,MF,Coritiba,29,1992,8.5,2,0,0,16,10,1,28,1,10,2,0,0,28,5,16,23.8,Matches,0e2331f3
583,Reinaldo,br BRA,DFFW,São Paulo,32,1989,16.3,3,0,0,16,12,1,138,10,12,0,0,0,84,7,10,41.2,Matches,ab3edc87
584,César Reis,br BRA,GK,Juventude,26,1995,24.3,1,0,0,0,4,0,0,0,0,0,0,0,18,5,0,100.0,Matches,76d4135b
585,Renan,br BRA,DF,Bragantino,19,2002,3.2,1,0,0,2,1,0,0,2,3,0,0,1,22,3,7,30.0,Matches,80c738be
586,Robert Renan,br BRA,DF,Corinthians,18,2003,10.0,2,0,0,6,2,0,0,19,11,0,0,0,43,10,17,37.0,Matches,168a2e81
587,Renato,br BRA,DFMF,Avaí,32,1990,11.3,2,0,0,11,25,5,63,8,9,0,0,0,53,19,27,41.3,Matches,8fe5bdcd
588,Renê,br BRA,DF,Internacional,29,1992,27.5,0,0,0,20,31,0,39,52,49,0,1,0,186,23,22,51.1,Matches,d000ffc7
589,Réver,br BRA,DF,Atlético Mineiro,37,1985,10.5,2,0,0,9,6,0,0,12,9,0,1,0,45,27,13,67.5,Matches,1938fd6a
590,Rhaldney,br BRA,MFFW,Atl Goianiense,23,1998,2.0,1,0,0,5,2,0,1,2,4,0,0,0,16,6,3,66.7,Matches,ae3ef77f
591,Everton Ribeiro,br BRA,MFFW,Flamengo,32,1989,19.9,0,0,0,32,62,1,63,19,20,0,0,0,131,11,28,28.2,Matches,68fb50a2
592,Lucas Ribeiro,br BRA,DFMF,Ceará,23,1999,5.6,2,0,0,7,5,0,0,9,0,0,0,0,30,8,9,47.1,Matches,607d64c6
593,Matheus Ribeiro,br BRA,DF,Avaí,28,1993,0.2,0,0,0,1,0,0,0,0,1,0,0,0,2,0,1,0.0,Matches,7ae055bb
594,Wesley Ribeiro,br BRA,MFFW,Corinthians,16,2005,0.1,0,0,0,1,0,0,0,0,0,0,0,0,1,0,0,,Matches,acf5672b
595,Ricardinho,br BRA,FW,Atl Goianiense,20,2001,2.6,2,0,0,4,3,2,1,0,0,0,0,0,5,4,11,26.7,Matches,45a1777c
596,João Ricardo Riedi,br BRA,GK,Ceará,33,1988,35.0,5,0,0,0,1,0,0,0,1,0,0,0,33,9,0,100.0,Matches,4729d71a
597,Vitor Ricardo,br BRA,DF,Fortaleza,21,2000,1.3,1,0,0,0,0,0,6,0,2,0,0,0,7,1,1,50.0,Matches,1f3906c9
598,Zé Ricardo,br BRA,MF,América (MG),25,1996,2.6,0,0,0,5,4,0,2,5,2,0,0,0,18,1,2,33.3,Matches,352f938e
599,Richard,br BRA,GK,Ceará,30,1991,1.0,2,0,0,0,0,0,0,0,0,0,0,0,1,0,0,,Matches,f2c12e8d
600,Richard,br BRA,MF,Ceará,27,1994,26.3,12,1,0,57,36,3,9,35,38,0,0,0,158,60,37,61.9,Matches,e90aa5da
601,Richardson,br BRA,MF,Ceará,30,1991,23.0,14,1,0,65,38,0,9,20,31,0,1,0,118,26,15,63.4,Matches,ef6b8a6b
602,Rickson,br BRA,MFFW,Atl Goianiense,23,1998,0.8,1,0,0,2,3,1,1,0,2,0,0,0,3,3,7,30.0,Matches,96a35d1b
603,Emiliano Rigoni,ar ARG,FWMF,São Paulo,28,1993,2.7,0,0,0,6,3,0,34,2,3,0,0,0,13,5,1,83.3,Matches,a1216563
604,Rikelme,br BRA,DF,Cuiabá,18,2003,0.2,0,0,0,0,1,0,2,1,0,0,0,0,2,1,0,100.0,Matches,637cdc49
605,Rikelmi,br BRA,DF,Botafogo (RJ),20,2001,0.0,0,0,0,0,0,0,0,0,0,0,0,0,0,0,0,,Matches,b2ffcf77
606,Cristian Rivas,ve VEN,MF,Cuiabá,25,1997,2.4,2,0,0,3,0,0,1,5,1,0,0,0,16,1,0,100.0,Matches,bc4d05c0
607,Zé Roberto,br BRA,FW,Ceará,28,1993,8.2,3,1,0,24,25,3,5,7,2,1,0,0,19,34,33,50.7,Matches,810033a1
608,Robinho,br BRA,MF,Coritiba,34,1987,9.8,2,0,0,13,14,2,61,6,17,0,0,0,54,0,2,0.0,Matches,8f8809b9
609,Robson,br BRA,FWMF,Fortaleza,30,1991,16.1,6,0,0,47,37,18,20,6,12,1,0,0,51,42,63,40.0,Matches,e29eff7a
610,Felipe Rocha,br BRA,FW,Avaí,19,2002,0.5,0,0,0,0,2,0,0,0,0,0,0,0,5,0,2,0.0,Matches,a961e1c4
611,Kaique Rocha,br BRA,DF,Internacional,20,2001,5.0,2,0,0,3,3,0,1,9,2,0,0,0,18,8,4,66.7,Matches,b31d385e
612,Marcos Rocha,br BRA,DF,Palmeiras,33,1988,25.0,4,0,0,29,20,0,40,31,54,2,0,0,165,18,13,58.1,Matches,fdd2f275
613,Pedro Rocha Neves,br BRA,FW,Atl Paranaense,27,1994,3.1,0,0,0,1,4,1,9,2,1,0,0,0,12,2,7,22.2,Matches,b33e0095
614,Pedro Rocha Neves,br BRA,FWMF,Fortaleza,27,1994,7.7,1,0,0,7,6,5,12,4,5,1,0,0,26,9,8,52.9,Matches,b33e0095
615,Rodinei,br BRA,DF,Flamengo,30,1992,9.8,0,1,0,3,11,0,44,13,17,0,0,1,48,4,7,36.4,Matches,7696cc85
616,Rodrigo,br BRA,FWMF,São Paulo,17,2004,0.8,0,0,0,0,1,0,0,0,1,0,0,0,4,0,1,0.0,Matches,1126f4e2
617,Rodrigo,br BRA,DF,Avaí,23,1998,5.3,2,0,0,3,5,0,2,10,2,0,0,0,24,9,6,60.0,Matches,cdfb04f5
618,Élton Rodrigues Brandão,br BRA,FW,Cuiabá,36,1985,3.3,1,0,0,7,5,2,4,0,1,0,0,0,6,14,12,53.8,Matches,e59be3c8
619,Raphael Rodrigues,br BRA,DF,Avaí,23,1999,1.4,0,0,0,0,1,0,0,0,0,0,0,0,4,3,4,42.9,Matches,548640cf
620,Rodriguinho,br BRA,MF,América (MG),18,2003,2.1,2,0,0,5,5,0,10,5,3,0,0,0,19,3,4,42.9,Matches,4565dde3
621,Romarinho,br BRA,FWMF,Fortaleza,27,1994,14.6,4,1,0,18,32,3,40,4,11,0,0,0,74,5,19,20.8,Matches,1e7d2cc0
622,Braian Romero,ar ARG,FW,Internacional,30,1991,3.8,1,0,0,9,8,1,2,1,6,0,0,0,12,6,14,30.0,Matches,c5cc3130
623,Silvio Romero,ar ARG,FW,Fortaleza,33,1988,12.9,1,0,0,8,10,13,5,2,2,0,0,0,30,8,17,32.0,Matches,6a00c4b0
624,Rômulo,br BRA,FW,Atl Paranaense,19,2002,13.3,1,0,0,14,14,1,5,4,13,0,0,0,50,26,53,32.9,Matches,03dd053e
625,Romulo,br BRA,DF,Juventude,21,2000,1.9,1,0,0,1,2,0,6,2,1,0,0,0,16,3,2,60.0,Matches,395e0e95
626,Rômulo,br BRA,FWMF,Avaí,26,1995,4.7,0,0,0,6,10,0,7,5,4,0,0,0,18,6,6,50.0,Matches,9a6eb94c
627,Ronald,br BRA,MFFW,Fortaleza,24,1997,11.7,5,0,0,21,9,0,10,8,17,0,0,0,79,5,15,25.0,Matches,cc119c66
628,Ronaldo,br BRA,GK,Atl Goianiense,25,1996,18.0,1,0,0,0,2,0,0,0,0,0,0,0,10,2,0,100.0,Matches,711c08dc
629,Budiga Roni,br BRA,MF,Corinthians,22,1999,8.3,5,1,0,15,6,0,5,7,14,0,1,1,52,7,7,50.0,Matches,af433614
630,Rony,br BRA,FW,Palmeiras,26,1995,26.5,3,0,0,37,37,27,32,7,8,1,0,0,57,40,69,36.7,Matches,bffd5e50
631,Vitor Roque,br BRA,FW,Atl Paranaense,16,2005,14.6,6,0,0,29,43,5,3,9,9,5,0,0,37,21,60,25.9,Matches,cb00f1e6
632,Ruan,br BRA,FWMF,Juventude,16,2005,2.5,1,0,0,3,6,0,5,0,5,0,0,0,12,3,2,60.0,Matches,07c41bf4
633,Rubens,br BRA,DFMF,Atlético Mineiro,20,2001,13.7,3,0,0,26,18,0,46,21,31,0,0,0,79,17,21,44.7,Matches,ae23d044
634,Óscar Ruiz,py PAR,MFFW,Juventude,30,1991,11.0,1,0,0,4,15,5,29,5,7,1,0,0,32,15,28,34.9,Matches,620ce7b1
635,Rwan,br BRA,FWMF,Santos,20,2001,5.2,1,0,0,11,14,2,6,4,5,0,0,0,23,13,20,39.4,Matches,568a75fd
636,João Victor Santos Sá,br BRA,FW,Botafogo (RJ),27,1994,19.4,2,0,0,18,30,3,35,16,24,0,0,0,83,12,32,27.3,Matches,1a1033a1
637,Matheus Sales,br BRA,MFDF,Goiás,26,1995,19.9,5,0,0,25,12,0,13,16,24,0,1,0,76,16,23,41.0,Matches,c3c175c4
638,Philipe Sampaio,br BRA,DF,Botafogo (RJ),27,1994,12.5,4,2,1,19,8,2,1,27,8,0,1,0,63,36,17,67.9,Matches,72733d93
639,Carlos Sánchez,uy URU,MF,Santos,37,1984,8.7,3,0,0,11,14,2,63,5,8,0,0,0,44,4,6,40.0,Matches,a6dbad80
640,Sandry,br BRA,MF,Santos,19,2002,7.7,2,0,0,14,6,0,20,11,14,0,1,0,51,2,3,40.0,Matches,8ceeabef
641,Alex Santana,br BRA,MF,Atl Paranaense,26,1995,9.9,4,0,0,17,10,1,0,12,8,0,0,0,73,5,7,41.7,Matches,e75dc411
642,Santos,br BRA,GK,Flamengo,31,1990,19.0,1,0,0,0,2,0,0,0,0,0,0,0,10,3,0,100.0,Matches,b8d0b69c
643,Ademir Santos,br BRA,FWMF,Atlético Mineiro,26,1995,16.6,4,0,0,21,59,12,45,8,18,1,0,0,71,6,30,16.7,Matches,4b7d58c2
644,Chayene Santos,br BRA,MFFW,Botafogo (RJ),31,1990,6.5,3,0,0,10,18,0,17,5,9,0,0,0,33,3,14,17.6,Matches,64a427b4
645,Fábio Santos,br BRA,DF,Corinthians,36,1985,17.4,4,0,0,12,14,0,33,19,15,0,0,0,92,27,21,56.3,Matches,d0d786fd
646,Guilherme Santos,br BRA,FWMF,Bragantino,20,2001,0.5,0,0,0,0,0,0,0,0,0,0,0,0,4,0,0,,Matches,6eae9de6
647,Gustavo Santos,br BRA,FW,Avaí,19,2002,0.2,0,0,0,1,1,0,1,0,0,,,0,,,,,Matches,93913c8e
648,Juan Santos,br BRA,FW,São Paulo,19,2002,0.6,0,0,0,2,1,3,0,0,0,0,0,0,1,0,2,0.0,Matches,ad89aa96
649,Júnior Santos,br BRA,FWMF,Botafogo (RJ),27,1994,11.9,1,0,0,20,12,4,15,2,13,0,1,0,49,19,16,54.3,Matches,9109e933
650,Luis Eduardo Marques dos Santos,br BRA,DF,Atl Goianiense,24,1997,18.2,1,0,0,11,15,2,72,26,19,0,0,0,101,17,14,54.8,Matches,5c5a0d4d
651,Matheus Santos,br BRA,MF,Goiás,23,1998,0.1,0,0,0,0,0,0,0,0,0,0,0,0,0,1,0,100.0,Matches,48125180
652,Rafael Santos,br BRA,DF,Coritiba,23,1998,12.7,2,0,0,8,7,0,72,7,9,0,0,0,60,13,10,56.5,Matches,c72a6057
653,Mateus Sarará,br BRA,MF,Avaí,19,2002,4.8,3,0,0,7,10,0,1,4,3,0,0,0,24,9,5,64.3,Matches,1b4c1c9c
654,Renzo Saravia,ar ARG,DFMF,Botafogo (RJ),28,1993,20.2,10,0,0,36,42,0,46,32,31,0,0,0,137,26,36,41.9,Matches,cf316639
655,Eduardo Sasha,br BRA,FWMF,Atlético Mineiro,29,1992,14.3,1,0,0,11,20,4,9,6,6,0,0,0,45,27,24,52.9,Matches,b938b871
656,Lucas Sasha,br BRA,MF,Fortaleza,31,1990,14.1,2,0,0,21,16,1,8,20,46,0,0,0,98,19,20,48.7,Matches,2e2ec9cf
657,Gustavo Sauer,br BRA,FWMF,Botafogo (RJ),28,1993,3.2,1,0,0,5,4,0,7,1,3,0,0,0,13,4,3,57.1,Matches,fd53959e
658,Jefferson Savarino,ve VEN,FW,Atlético Mineiro,25,1996,1.0,0,0,0,0,2,0,3,0,1,0,0,0,5,0,0,,Matches,91721722
659,Sávio,br BRA,FWMF,Atlético Mineiro,17,2004,2.4,0,0,0,3,7,0,7,3,1,0,0,0,11,1,2,33.3,Matches,fe6e7156
660,Savio,br BRA,DF,Goiás,26,1995,9.4,6,1,1,7,9,0,54,6,12,0,0,0,55,8,10,44.4,Matches,3e8c6e2c
661,Gustavo Scarpa,br BRA,MFFW,Palmeiras,28,1994,28.6,3,0,0,14,72,13,342,13,10,0,0,0,133,20,27,42.6,Matches,2964fd20
662,Cleiton Schwengber,br BRA,GK,Bragantino,24,1997,37.0,3,0,0,2,11,0,0,0,1,0,2,1,36,6,1,85.7,Matches,d24ae824
663,Shaylon,br BRA,FWMF,Atl Goianiense,24,1997,15.0,3,0,0,14,4,2,74,5,9,0,0,0,78,2,18,10.0,Matches,69c11ef0
664,Sidcley,br BRA,DFMF,Cuiabá,28,1993,3.7,0,0,0,0,2,0,6,9,1,0,0,0,13,3,3,50.0,Matches,a5e96539
665,Sidimar,br BRA,DF,Goiás,29,1992,5.0,0,0,0,2,4,0,0,8,4,0,0,0,11,20,6,76.9,Matches,080fc1f0
666,Sidnei,br BRA,DF,Goiás,32,1989,3.3,1,0,0,1,2,0,0,7,3,0,0,0,16,5,5,50.0,Matches,b14d0c5d
667,Pablo Siles,uy URU,MF,Atl Paranaense,24,1997,1.8,2,0,0,7,2,0,2,3,1,0,1,0,14,2,2,50.0,Matches,cca1e0b5
668,Aderlan Silva,br BRA,DF,Bragantino,31,1990,29.7,10,0,0,77,16,5,158,45,62,0,0,0,172,51,36,58.6,Matches,48371573
669,Bruno Silva,br BRA,MF,Avaí,35,1986,28.9,14,1,1,74,37,1,14,30,52,0,0,0,184,48,41,53.9,Matches,6efbf91e
670,Da Silva,br BRA,DF,Goiás,20,2001,6.3,3,0,0,4,1,0,0,7,3,0,0,0,16,20,7,74.1,Matches,4772a037
671,Cristiano da Silva Leite,br BRA,DF,Fluminense,28,1993,8.3,1,0,0,10,12,0,48,10,8,0,0,0,50,9,10,47.4,Matches,2567b7b6
672,Felipe Silva Lipe,br BRA,DF,Avaí,19,2002,3.0,0,0,0,0,0,0,0,9,5,0,0,0,8,2,3,40.0,Matches,6b2bfcda
673,Lucas Silva,br BRA,FWMF,Avaí,24,1998,1.2,0,0,0,1,5,0,3,2,0,0,0,0,7,0,0,,Matches,aa47c6ce
674,Marcão Silva,br BRA,MFDF,Cuiabá,31,1991,14.1,1,0,0,25,6,0,1,11,16,0,0,0,76,34,19,64.2,Matches,e7f8bf4a
675,Márcio Silva,br BRA,DF,Coritiba,20,2001,2.0,0,0,0,0,3,0,0,1,1,0,0,0,3,3,2,60.0,Matches,7ee2ea5b
676,Nathan Silva,br BRA,DF,Atlético Mineiro,24,1997,19.2,8,0,0,36,7,0,2,29,14,0,1,0,111,56,39,58.9,Matches,369d907c
677,Ricardo Silva,br BRA,DF,América (MG),29,1992,8.3,1,0,0,15,7,0,0,7,6,0,1,0,43,31,22,58.5,Matches,a5075276
678,Miguel Silveira,br BRA,MFFW,Bragantino,18,2003,6.3,1,0,0,8,14,0,33,1,6,1,0,0,28,3,5,37.5,Matches,281942c4
679,Vinicius Silvestre,br BRA,GK,Palmeiras,27,1994,1.0,0,0,0,0,0,0,0,0,0,0,0,0,1,0,0,,Matches,1944518a
680,Jailson Siqueira,br BRA,MF,Palmeiras,26,1995,0.2,0,0,0,0,0,0,3,0,0,0,0,0,0,2,3,40.0,Matches,b4819112
681,Everton Soares,br BRA,FWMF,Flamengo,25,1996,15.7,0,1,0,16,19,0,47,6,13,0,0,0,67,11,19,36.7,Matches,b1cbc666
682,Tiquinho Soares,br BRA,FW,Botafogo (RJ),31,1991,13.7,1,0,0,21,41,12,6,2,4,0,0,0,45,39,51,43.3,Matches,4d982baf
683,Fernando Sobral,br BRA,MF,Ceará,27,1994,11.2,2,0,0,14,15,0,9,4,22,0,0,0,62,15,11,57.7,Matches,c012aacd
684,Yeferson Soteldo,ve VEN,FWMF,Santos,24,1997,6.3,1,0,0,4,13,1,38,1,0,0,0,0,20,3,3,50.0,Matches,bbb6c951
685,Yan Souto,br BRA,DF,Goiás,20,2001,6.8,3,0,0,13,2,0,1,11,4,0,3,0,39,16,10,61.5,Matches,2dffc479
686,Hugo Souza,br BRA,GK,Flamengo,23,1999,14.3,3,0,0,0,1,0,0,1,1,0,0,0,19,5,1,83.3,Matches,c02e5af1
687,Igor Vinícius de Souza,br BRA,DFFW,São Paulo,24,1997,12.9,2,0,0,16,11,0,57,12,24,0,0,0,58,14,9,60.9,Matches,ec95088d
688,Bruno Tabata,br BRA,FW,Palmeiras,24,1997,5.2,0,0,0,8,7,0,15,2,5,,,0,,,,,Matches,33fdf90d
689,Tadeu,br BRA,GK,Goiás,29,1992,38.0,0,0,0,0,13,0,0,2,0,0,0,0,23,18,2,90.0,Matches,8445554f
690,Tailson,br BRA,FWDF,Santos,22,1999,0.4,0,0,0,0,0,0,0,1,0,0,0,0,4,0,1,0.0,Matches,200b381d
691,Taison,br BRA,MFFW,Internacional,34,1988,8.1,6,0,0,8,24,3,13,7,7,0,0,0,39,3,9,25.0,Matches,7272a72a
692,Tchê Tchê,br BRA,MF,Botafogo (RJ),29,1992,25.7,3,0,0,39,43,0,6,27,18,1,0,0,128,7,16,30.4,Matches,5f2caf8f
693,David Terans,uy URU,MF,Atl Paranaense,27,1994,22.3,3,0,0,22,23,6,102,5,10,0,0,0,102,6,30,16.7,Matches,d3d89d8d
694,Miguel Terceros,bo BOL,FW,Santos,17,2004,0.3,0,0,0,0,0,0,2,0,1,0,0,0,1,0,0,,Matches,d66ed604
695,Thiago,br BRA,GK,São Paulo,22,1999,2.7,1,0,0,1,0,0,0,0,0,0,1,0,0,3,0,100.0,Matches,602d20ae
696,Guilherme Tinga,br BRA,DF,Fortaleza,28,1993,13.1,3,0,0,15,10,1,28,19,17,0,0,0,86,46,32,59.0,Matches,a8331ab0
697,Titi,br BRA,DF,Fortaleza,33,1988,31.1,2,0,0,54,27,2,2,43,21,0,0,0,173,31,25,55.4,Matches,ea41ddf7
698,Igor Torres,br BRA,FWMF,Fortaleza,21,2000,0.1,1,0,0,2,1,0,1,0,0,0,0,0,1,0,0,,Matches,cc9b11b1
699,Jesús Trindade,uy URU,MF,Coritiba,28,1993,14.6,3,0,0,12,7,0,41,10,17,0,0,0,109,12,12,50.0,Matches,066e9f5d
700,Bruno Tubarão,br BRA,FWMF,Bragantino,26,1995,5.0,0,0,0,5,3,1,26,6,3,0,0,0,16,12,11,52.2,Matches,5411ef4f
701,Uendel,br BRA,DF,Cuiabá,33,1988,14.7,0,0,0,9,7,0,49,10,8,0,0,0,68,21,13,61.8,Matches,0bd9e045
702,Valdemir,br BRA,MF,Coritiba,24,1997,6.9,6,0,0,15,11,0,12,9,12,0,0,0,38,7,6,53.8,Matches,82cca681
703,Valdívia,br BRA,MFFW,Cuiabá,27,1994,15.4,4,1,0,17,26,2,63,8,10,0,0,0,56,16,32,33.3,Matches,e12be458
704,Vanderlan,br BRA,DF,Palmeiras,19,2002,7.2,0,0,0,13,8,0,25,18,9,0,0,0,31,4,6,40.0,Matches,bd8432ff
705,Guillermo Varela,uy URU,DF,Flamengo,28,1993,2.9,0,0,0,1,6,0,5,8,4,0,0,0,13,1,5,16.7,Matches,5c961282
706,Eduardo Vargas,cl CHI,FW,Atlético Mineiro,32,1989,12.7,2,0,0,13,18,6,5,4,6,0,0,0,59,15,19,44.1,Matches,bd603c00
707,Matheus de Vargas,br BRA,MF,Fortaleza,25,1996,4.6,2,0,0,12,11,3,5,3,2,0,0,0,20,8,12,40.0,Matches,e43a07d4
708,Jhon Vasquez,co COL,FWMF,Ceará,26,1995,4.6,2,0,0,9,11,4,18,1,5,0,0,0,14,7,9,43.8,Matches,b6832e5e
709,Rafael Vaz,br BRA,DF,Avaí,33,1988,15.5,2,0,0,8,6,0,8,12,9,0,1,0,65,32,18,64.0,Matches,244fc074
710,Raphael Veiga,br BRA,MF,Palmeiras,26,1995,14.0,1,0,0,18,33,4,42,3,10,0,0,0,47,7,9,43.8,Matches,6e5a3bc7
711,Emiliano Velázquez,uy URU,DF,Santos,27,1994,6.0,0,0,0,3,2,0,1,14,9,0,1,0,28,10,12,45.5,Matches,5efb80d5
712,Fausto Vera,ar ARG,MF,Corinthians,21,2000,14.5,5,0,0,17,13,0,4,18,22,0,2,0,122,13,16,44.8,Matches,8b3b381b
713,Gabriel Veron,br BRA,FWMF,Palmeiras,19,2002,6.3,0,0,0,4,6,0,6,6,8,1,0,0,29,3,9,25.0,Matches,6bc49da7
714,João Vialle,br BRA,DF,Atl Paranaense,19,2002,0.3,0,0,0,0,0,0,0,0,0,0,0,0,2,0,0,,Matches,c63a8bf0
715,João Victor,br BRA,MF,Ceará,17,2004,0.2,0,0,0,1,1,0,0,0,0,0,0,0,1,0,1,0.0,Matches,e78d763e
716,João Victor,br BRA,DF,Corinthians,23,1998,5.4,2,0,0,7,5,0,0,11,2,0,0,0,22,15,7,68.2,Matches,d60cf08d
717,Marcos Victor,br BRA,DF,Ceará,20,2001,4.0,2,0,0,3,4,0,0,8,4,0,0,0,26,3,6,33.3,Matches,d714fc5a
718,Arturo Vidal,cl CHI,MF,Flamengo,34,1987,9.3,2,0,0,20,11,0,17,21,16,0,1,0,60,11,9,55.0,Matches,67cdbc0e
719,Caio Vidal,br BRA,FWMF,Internacional,21,2000,1.7,1,0,0,7,9,1,1,3,2,0,0,0,5,1,5,16.7,Matches,599ab970
720,Elvis Vieira Araújo,br BRA,MFFW,Goiás,31,1990,9.4,4,0,0,13,14,0,71,6,4,0,0,0,62,6,3,66.7,Matches,b5391b63
721,Gabriel Vieira,br BRA,FW,Palmeiras,19,2002,0.1,0,0,0,0,0,0,0,0,0,0,0,0,0,0,1,0.0,Matches,63904ba9
722,Luan Vieira,br BRA,MFFW,Santos,28,1993,5.0,0,0,0,4,15,0,15,1,4,0,0,0,19,1,9,10.0,Matches,c4f6bf06
723,Marcos Vinicios Sorriso,br BRA,FW,Bragantino,20,2001,15.0,4,0,0,22,31,1,61,8,15,0,0,0,74,19,46,29.2,Matches,e816a8ee
724,Vinícius,br BRA,FWMF,Ceará,30,1991,26.7,9,2,2,11,40,6,160,24,3,1,0,0,130,11,15,42.3,Matches,ee01c84d
725,Vinicius,br BRA,MFDF,Santos,22,1999,0.8,0,0,0,2,2,0,2,1,1,0,0,0,3,2,0,100.0,Matches,ab3ef9c4
726,Vinícius,br BRA,MFFW,Goiás,28,1993,21.7,1,0,0,19,19,6,59,14,14,0,0,0,80,16,17,48.5,Matches,b6bd2b80
727,Vinícius,br BRA,FW,Botafogo (RJ),22,1999,9.7,3,0,0,19,26,3,10,11,10,0,0,0,45,14,20,41.2,Matches,ecce7383
728,Caio Vinícius,br BRA,MF,Goiás,23,1999,17.3,7,1,0,43,28,2,4,30,23,0,1,0,87,24,27,47.1,Matches,8529df9f
729,Mateus Vital,br BRA,FWMF,Corinthians,23,1998,8.2,1,0,0,10,17,2,17,7,13,0,0,0,59,7,13,35.0,Matches,db9c8fa4
730,Vitão,br BRA,DF,Internacional,21,2000,31.0,1,0,0,14,5,0,0,19,14,0,0,0,77,55,44,55.6,Matches,d4f034db
731,Vitinho,br BRA,FW,Atl Paranaense,22,1999,15.9,3,1,1,23,26,6,22,5,11,0,0,0,75,17,38,30.9,Matches,06d4b2e4
732,Vitinho,br BRA,FWMF,Flamengo,28,1993,5.3,1,0,0,13,6,0,8,1,6,0,0,0,21,10,10,50.0,Matches,a9e68c94
733,Vitinho,br BRA,FWMF,Avaí,21,2000,4.0,2,0,0,7,19,1,1,1,1,0,0,0,10,6,7,46.2,Matches,5e5cc7a9
734,João Vitor,br BRA,MF,Coritiba,21,2000,0.1,0,0,0,0,1,0,0,0,0,0,0,0,1,0,0,,Matches,b8d3d5ee
735,Vladimir,br BRA,GK,Avaí,32,1989,22.5,3,0,0,1,3,0,0,0,0,0,1,0,24,5,1,83.3,Matches,bbae502c
736,Max Walef,br BRA,GK,Fortaleza,28,1993,5.0,0,0,0,0,0,0,0,0,0,0,0,0,7,0,0,,Matches,6411a48d
737,Walter,br BRA,GK,Cuiabá,34,1987,27.4,0,0,0,0,3,0,0,1,2,0,0,0,20,8,0,100.0,Matches,8bae322b
738,Wanderson,br BRA,DF,Atl Goianiense,30,1991,27.2,2,0,0,19,7,2,0,22,10,0,0,0,72,74,37,66.7,Matches,f612025c
739,Wanderson,br BRA,FWMF,Internacional,27,1994,17.8,3,0,0,18,17,3,59,3,9,0,0,0,58,4,16,20.0,Matches,5da33b33
740,Warley,br BRA,FWMF,Coritiba,22,1999,6.2,1,2,0,10,10,0,17,9,4,0,0,0,41,4,6,40.0,Matches,8f385e2e
741,Welington,br BRA,DFFW,São Paulo,20,2001,18.6,5,1,1,19,31,1,125,15,21,0,0,0,93,17,18,48.6,Matches,a7f95b1f
742,José Welison,br BRA,MF,Fortaleza,26,1995,19.1,6,0,0,39,17,0,22,38,22,0,0,0,144,37,27,57.8,Matches,b6cb4d16
743,Weliton,cl CHI,MF,Juventude,16,2005,0.0,0,0,0,0,0,0,0,0,0,0,0,0,0,0,1,0.0,Matches,721322fb
744,Wellington,br BRA,DF,Avaí,26,1995,3.0,0,0,0,4,1,0,0,5,2,0,1,1,9,3,4,42.9,Matches,ed36f825
745,Welliton,br BRA,MFFW,Bragantino,21,2000,1.1,0,0,0,0,2,0,8,0,3,0,0,0,7,1,3,25.0,Matches,d1a7e953
746,Wendell,br BRA,MF,Ceará,19,2002,0.1,0,0,0,1,0,0,0,1,1,0,0,0,1,0,0,,Matches,82b7e058
747,Werik,br BRA,FW,Bragantino,20,2001,5.7,4,0,0,11,6,1,2,0,2,0,0,0,12,11,11,50.0,Matches,8b20ba5f
748,Werton,br BRA,FW,Flamengo,18,2003,0.3,0,0,0,1,0,0,0,0,1,0,0,0,2,0,2,0.0,Matches,d07bde9d
749,Wescley,br BRA,MF,Ceará,30,1991,0.8,0,0,0,1,1,0,3,0,2,0,0,0,4,0,1,0.0,Matches,5a43c680
750,Wesley,br BRA,FW,Palmeiras,22,1999,7.2,2,0,0,8,20,2,30,3,6,0,0,0,50,14,9,60.9,Matches,434de3a3
751,Weverson,br BRA,MF,Bragantino,21,2000,0.5,0,0,0,0,0,0,3,0,0,0,0,0,4,1,5,16.7,Matches,b9829bf7
752,Weverton,br BRA,DF,Internacional,22,1999,0.5,0,0,0,0,1,0,3,0,0,0,0,0,4,0,1,0.0,Matches,6ae59cc2
753,Wéverton,br BRA,GK,Palmeiras,34,1987,34.0,0,0,0,0,5,0,0,1,1,0,0,0,31,9,2,81.8,Matches,81be82e9
754,Rafael William,br BRA,GK,Coritiba,20,2001,6.0,1,0,0,1,0,0,0,0,0,0,1,0,3,1,0,100.0,Matches,eb9f6c10
755,Willian,br BRA,FWMF,Fluminense,35,1986,5.3,2,0,0,8,3,2,8,8,5,0,0,0,26,3,8,27.3,Matches,1f85d0c8
756,Willian,br BRA,FW,Corinthians,33,1988,9.2,1,0,0,6,30,2,33,8,10,0,0,0,42,5,3,62.5,Matches,8b9ebd03
757,Xavier,br BRA,MF,Corinthians,21,2000,1.8,1,0,0,2,0,0,0,2,1,0,0,0,13,2,2,50.0,Matches,f16ed217
758,Samuel Xavier,br BRA,DF,Fluminense,31,1990,31.4,5,0,0,28,49,3,77,26,16,0,0,0,122,25,27,48.1,Matches,0c870df5
759,Yago,br BRA,MFDF,Fluminense,26,1995,12.6,3,0,0,14,31,4,36,13,13,0,0,0,54,8,18,30.8,Matches,e2add0e7
760,Ytalo,br BRA,FW,Bragantino,34,1988,6.9,0,0,0,2,6,0,2,3,3,0,0,0,10,7,14,33.3,Matches,423e3d0b
761,Marcos Ytalo,br BRA,DF,Ceará,25,1996,1.8,0,0,0,5,4,0,5,2,3,0,0,0,4,3,2,60.0,Matches,70053afc
762,Vinícius Zanocelo,br BRA,MF,Santos,21,2001,22.3,8,0,0,47,12,2,2,24,17,0,2,0,112,31,32,49.2,Matches,27457e83
763,Federico Zaracho,ar ARG,MFFW,Atlético Mineiro,23,1998,20.9,3,0,0,34,26,1,16,22,29,0,0,0,114,25,48,34.2,Matches,803d5265